
Running 75 tests using 1 worker

  ✓   1 [setup] › tests/e2e/parent/auth.setup.ts:7:6 › authenticate parent (1.6s)
  ✓   2 [chromium] › tests/e2e/parent/00-login.spec.ts:7:5 › sign-in page renders the parent login form (523ms)
  ✓   3 [chromium] › tests/e2e/parent/00-login.spec.ts:15:5 › parent can log in and land on the dashboard (1.2s)
  ✓   4 [chromium] › tests/e2e/parent/01-dashboard.spec.ts:4:5 › parent dashboard renders with seeded summary data (1.0s)
  ✓   5 [chromium] › tests/e2e/parent/02-nav.spec.ts:12:5 › parent sidebar links to all portal sections (1.1s)
  ✓   6 [chromium] › tests/e2e/parent/02-nav.spec.ts:23:5 › clicking sidebar entries navigates to each section (1.5s)
  ✓   7 [chromium] › tests/e2e/parent/03-students.spec.ts:4:5 › students list shows the parent’s seeded students (988ms)
  ✓   8 [chromium] › tests/e2e/parent/03-students.spec.ts:16:5 › student profile opens from the list (1.2s)
  ✓   9 [chromium] › tests/e2e/parent/04-wizard.spec.ts:28:5 › wizard creates a student with photo + voice (1.7s)
  ✓  10 [chromium] › tests/e2e/parent/04-wizard.spec.ts:58:5 › media upload shows a localized invalid-type toast (839ms)
  ✓  11 [chromium] › tests/e2e/parent/04-wizard.spec.ts:68:5 › the newly created student appears in the list (961ms)
  ✓  12 [chromium] › tests/e2e/parent/05-applications.spec.ts:4:5 › applications list renders statuses and an offer (1.0s)
  ✓  13 [chromium] › tests/e2e/parent/05-applications.spec.ts:14:5 › application detail shows a numeric days-in-status (not "undefined") (1.4s)
  ✓  14 [chromium] › tests/e2e/parent/06-results.spec.ts:4:5 › results page renders english test results for a student (1.1s)
  ✓  15 [chromium] › tests/e2e/parent/07-settings.spec.ts:4:5 › profile update persists across reload (3.3s)
  ✓  16 [chromium] › tests/e2e/parent/07-settings.spec.ts:22:5 › notification preferences can be toggled and saved (3.4s)
  ✓  17 [chromium] › tests/e2e/parent/07-settings.spec.ts:44:5 › change password succeeds and reverts (JWT rotation keeps session) (1.9s)
  ✓  18 [chromium] › tests/e2e/parent/08-payments.spec.ts:4:5 › payments page is a static coming-soon view (940ms)
  ✓  19 [chromium] › tests/e2e/parent/09-i18n.spec.ts:4:5 › parent dashboard renders under a non-English locale (1.1s)
  ✓  20 [chromium] › tests/e2e/parent/10-logout.spec.ts:4:5 › parent can log out and the gate blocks the protected area (2.1s)

[a11y] dashboard @ desktop — 2 serious/critical:
  [critical] button-name: Buttons must have discernible text (1 node(s))
    e.g. .w-full
  [serious] color-contrast: Elements must meet minimum color contrast ratio thresholds (1 node(s))
    e.g. .bg-vivid-iris-soft.text-vivid-iris.rounded-pill
  ✘  21 [chromium] › tests/e2e/parent/a11y.spec.ts:30:9 › a11y dashboard @ desktop (2.6s)

[a11y] students @ desktop — 1 serious/critical:
  [critical] button-name: Buttons must have discernible text (1 node(s))
    e.g. .py-3.w-full.hover\:bg-muted
  ✘  22 [chromium] › tests/e2e/parent/a11y.spec.ts:30:9 › a11y students @ desktop (2.6s)

[a11y] students-new @ desktop — 1 serious/critical:
  [critical] button-name: Buttons must have discernible text (1 node(s))
    e.g. .hover\:text-ink-900
  ✘  23 [chromium] › tests/e2e/parent/a11y.spec.ts:30:9 › a11y students-new @ desktop (2.6s)

[a11y] applications @ desktop — 2 serious/critical:
  [critical] button-name: Buttons must have discernible text (1 node(s))
    e.g. .py-3.w-full.hover\:bg-muted
  [serious] color-contrast: Elements must meet minimum color contrast ratio thresholds (1 node(s))
    e.g. .bg-vivid-iris-soft
  ✘  24 [chromium] › tests/e2e/parent/a11y.spec.ts:30:9 › a11y applications @ desktop (2.5s)

[a11y] results @ desktop — 1 serious/critical:
  [critical] button-name: Buttons must have discernible text (1 node(s))
    e.g. .hover\:text-ink-900
  ✘  25 [chromium] › tests/e2e/parent/a11y.spec.ts:30:9 › a11y results @ desktop (2.4s)

[a11y] settings @ desktop — 2 serious/critical:
  [critical] button-name: Buttons must have discernible text (1 node(s))
    e.g. .hover\:text-ink-900
  [serious] color-contrast: Elements must meet minimum color contrast ratio thresholds (2 node(s))
    e.g. #base-ui-_r_7_
  ✘  26 [chromium] › tests/e2e/parent/a11y.spec.ts:30:9 › a11y settings @ desktop (2.8s)

[a11y] notifications @ desktop — 1 serious/critical:
  [critical] button-name: Buttons must have discernible text (1 node(s))
    e.g. .w-full
  ✘  27 [chromium] › tests/e2e/parent/a11y.spec.ts:30:9 › a11y notifications @ desktop (2.5s)

[a11y] saved-schools @ desktop — 1 serious/critical:
  [critical] button-name: Buttons must have discernible text (1 node(s))
    e.g. .w-full
  ✘  28 [chromium] › tests/e2e/parent/a11y.spec.ts:30:9 › a11y saved-schools @ desktop (2.4s)

[a11y] saved-searches @ desktop — 1 serious/critical:
  [critical] button-name: Buttons must have discernible text (1 node(s))
    e.g. .w-full
  ✘  29 [chromium] › tests/e2e/parent/a11y.spec.ts:30:9 › a11y saved-searches @ desktop (2.5s)

[a11y] payments @ desktop — 1 serious/critical:
  [critical] button-name: Buttons must have discernible text (1 node(s))
    e.g. .w-full
  ✘  30 [chromium] › tests/e2e/parent/a11y.spec.ts:30:9 › a11y payments @ desktop (2.4s)

[a11y] search-spec @ desktop — 2 serious/critical:
  [serious] color-contrast: Elements must meet minimum color contrast ratio thresholds (2 node(s))
    e.g. .font-mono
  [critical] label: Form elements must have labels (2 node(s))
    e.g. #base-ui-_r_3_
  ✘  31 [chromium] › tests/e2e/parent/a11y.spec.ts:30:9 › a11y search-spec @ desktop (6.3s)

[a11y] dashboard @ mobile — 1 serious/critical:
  [critical] button-name: Buttons must have discernible text (1 node(s))
    e.g. .w-full
  ✘  32 [chromium] › tests/e2e/parent/a11y.spec.ts:30:9 › a11y dashboard @ mobile (2.6s)

[a11y] students @ mobile — 1 serious/critical:
  [critical] button-name: Buttons must have discernible text (1 node(s))
    e.g. .py-3.w-full.hover\:bg-muted
  ✘  33 [chromium] › tests/e2e/parent/a11y.spec.ts:30:9 › a11y students @ mobile (2.6s)

[a11y] students-new @ mobile — 1 serious/critical:
  [critical] button-name: Buttons must have discernible text (1 node(s))
    e.g. .hover\:text-ink-900
  ✘  34 [chromium] › tests/e2e/parent/a11y.spec.ts:30:9 › a11y students-new @ mobile (2.5s)

[a11y] applications @ mobile — 1 serious/critical:
  [critical] button-name: Buttons must have discernible text (1 node(s))
    e.g. .py-3.w-full.hover\:bg-muted
  ✘  35 [chromium] › tests/e2e/parent/a11y.spec.ts:30:9 › a11y applications @ mobile (2.6s)

[a11y] results @ mobile — 1 serious/critical:
  [critical] button-name: Buttons must have discernible text (1 node(s))
    e.g. .hover\:text-ink-900
  ✘  36 [chromium] › tests/e2e/parent/a11y.spec.ts:30:9 › a11y results @ mobile (2.4s)

[a11y] settings @ mobile — 2 serious/critical:
  [critical] button-name: Buttons must have discernible text (1 node(s))
    e.g. .hover\:text-ink-900
  [serious] color-contrast: Elements must meet minimum color contrast ratio thresholds (1 node(s))
    e.g. #base-ui-_r_7_
  ✘  37 [chromium] › tests/e2e/parent/a11y.spec.ts:30:9 › a11y settings @ mobile (2.5s)

[a11y] notifications @ mobile — 1 serious/critical:
  [critical] button-name: Buttons must have discernible text (1 node(s))
    e.g. .w-full
  ✘  38 [chromium] › tests/e2e/parent/a11y.spec.ts:30:9 › a11y notifications @ mobile (2.4s)

[a11y] saved-schools @ mobile — 1 serious/critical:
  [critical] button-name: Buttons must have discernible text (1 node(s))
    e.g. .w-full
  ✘  39 [chromium] › tests/e2e/parent/a11y.spec.ts:30:9 › a11y saved-schools @ mobile (2.4s)

[a11y] saved-searches @ mobile — 1 serious/critical:
  [critical] button-name: Buttons must have discernible text (1 node(s))
    e.g. .w-full
  ✘  40 [chromium] › tests/e2e/parent/a11y.spec.ts:30:9 › a11y saved-searches @ mobile (2.5s)

[a11y] payments @ mobile — 2 serious/critical:
  [critical] button-name: Buttons must have discernible text (1 node(s))
    e.g. .w-full
  [serious] scrollable-region-focusable: Scrollable region must have keyboard access (1 node(s))
    e.g. main
  ✘  41 [chromium] › tests/e2e/parent/a11y.spec.ts:30:9 › a11y payments @ mobile (2.6s)
  ✓  42 [chromium] › tests/e2e/parent/a11y.spec.ts:30:9 › a11y search-spec @ mobile (5.6s)
  ✓  43 [chromium] › tests/e2e/parent/application-detail.spec.ts:57:5 › application-detail page renders header with school name and status badge (1.2s)
  ✓  44 [chromium] › tests/e2e/parent/application-detail.spec.ts:79:5 › application-detail page renders the info / offer section (1.2s)
  ✓  45 [chromium] › tests/e2e/parent/application-detail.spec.ts:98:5 › FIXED: timeline section shows 3 seeded events (1.2s)
  ✓  46 [chromium] › tests/e2e/parent/application-detail.spec.ts:125:5 › FIXED: documents section shows 2 seeded document requests (1.2s)
  ✓  47 [chromium] › tests/e2e/parent/application-detail.spec.ts:158:5 › FIXED: pre-enrolment checklist shows 3 seeded items (1.2s)
  ✓  48 [chromium] › tests/e2e/parent/application-detail.spec.ts:184:5 › full page: identify any 403 and confirm all three fixed sections load — screenshot for evidence (1.2s)
  ✓  49 [chromium] › tests/e2e/parent/document-upload.spec.ts:54:5 › document upload: POST /api/upload + POST /api/student-documents/mine both return 2xx and uploaded doc appears in Your uploads (1.5s)
  ✓  50 [chromium] › tests/e2e/parent/document-upload.spec.ts:188:5 › document upload: submit button is disabled until both document type and file are selected (1.3s)
[notifications] Bell unread count at start of suite: 0
  ✓  51 [chromium] › tests/e2e/parent/notifications.spec.ts:61:7 › parent notifications › bell renders in header; badge present iff unread > 0 (1.8s)
  ✓  52 [chromium] › tests/e2e/parent/notifications.spec.ts:99:7 › parent notifications › notifications list shows 5 total items and unread count matches bell (1.7s)
[notifications] No unread notifications remain; skipping click test.
  ✓  53 [chromium] › tests/e2e/parent/notifications.spec.ts:130:7 › parent notifications › clicking an unread notification marks it read and decrements count by 1 (1.7s)
  ✓  54 [chromium] › tests/e2e/parent/notifications.spec.ts:200:7 › parent notifications › mark all as read fires PUT read-all and badge disappears (1.9s)
  ✓  55 [chromium] › tests/e2e/parent/pages-render.spec.ts:19:5 › dashboard: summary cards render with data and quick-action links are present (1.0s)
  ✓  56 [chromium] › tests/e2e/parent/pages-render.spec.ts:76:5 › applications: list renders ≥1 application row and status filter does not crash (1.3s)
  ✓  57 [chromium] › tests/e2e/parent/pages-render.spec.ts:127:5 › results: student selector renders; selecting a student shows results or empty state (1.0s)
  ✘  58 [chromium] › tests/e2e/parent/pages-render.spec.ts:176:5 › payments: coming-soon content renders without crash or console error (1.3s)
[saved-schools] Bookmarking school: "A B Paterson College"
[saved-schools] POST /api/bookmarks → 200
[saved-schools] DELETE /api/bookmarks/:id → 204
[saved-schools] List is empty — cleanup complete.
  ✘  59 [chromium] › tests/e2e/parent/saved-schools-searches.spec.ts:77:7 › saved schools (B14/D11) › bookmark a school, verify it lists, then delete it (2.5s)
[saved-searches] POST /api/saved-searches → 200
[saved-searches] VIC filter pressed after run: "true"
[saved-searches] DELETE /api/saved-searches/:id → 204
[saved-searches] List is empty — cleanup complete.
  ✘  60 [chromium] › tests/e2e/parent/saved-schools-searches.spec.ts:176:7 › saved searches (B13/D12) › save a search, verify it lists, run it, then delete it (5.6s)
  ✓  61 [chromium] › tests/e2e/parent/settings.spec.ts:49:5 › PROFILE tab: edits persist after reload and account is restored (2.3s)
  ✓  62 [chromium] › tests/e2e/parent/settings.spec.ts:112:5 › PREFERENCES tab: notification toggles persist after reload and are restored (2.7s)
  ✓  63 [chromium] › tests/e2e/parent/settings.spec.ts:205:5 › PASSWORD tab: mismatched confirmation shows validation error (634ms)
  ✓  64 [chromium] › tests/e2e/parent/settings.spec.ts:232:5 › PASSWORD tab: too-short new password shows validation error (596ms)
  ✓  65 [chromium] › tests/e2e/parent/settings.spec.ts:255:5 › PASSWORD tab: empty current password shows required validation error (588ms)
  ✓  66 [chromium] › tests/e2e/parent/smoke.spec.ts:23:5 › parent dashboard renders without console errors (1.0s)
[CREATE] Captured documentId: d7lviizw9evxcrgvqhgrml1q
  ✓  67 [chromium] › tests/e2e/parent/student-create-edit.spec.ts:99:5 › CREATE wizard: submits new student and lands on detail page (1.8s)
[EDIT] createdDocumentId at start: "d7lviizw9evxcrgvqhgrml1q"
  ✓  68 [chromium] › tests/e2e/parent/student-create-edit.spec.ts:166:5 › EDIT wizard: updates last name and persists after reload (2.1s)
  ✓  69 [chromium] › tests/e2e/parent/students-list-detail.spec.ts:34:5 › students list: renders 6 student rows without crash (1.1s)
  ✓  70 [chromium] › tests/e2e/parent/students-list-detail.spec.ts:56:5 › students list: search box filters rows to matching students (1.0s)
  ✓  71 [chromium] › tests/e2e/parent/students-list-detail.spec.ts:111:5 › students list: sort by Name column changes order without crash (1.3s)
  ✓  72 [chromium] › tests/e2e/parent/students-list-detail.spec.ts:147:5 › students list: archive toggle switch is present and NOT toggled by default (1.0s)
  ✓  73 [chromium] › tests/e2e/parent/students-list-detail.spec.ts:174:5 › student detail: navigating from list opens detail page with personal, education, and guardian sections (1.2s)
  ✓  74 [chromium] › tests/e2e/parent/students-list-detail.spec.ts:232:5 › student detail: avatar-or-initials renders in profile header (1.2s)
  ✓  75 [chromium] › tests/e2e/parent/students-list-detail.spec.ts:261:5 › student detail: voice intro audio element renders for a student with a voice intro (1.3s)


  1) [chromium] › tests/e2e/parent/a11y.spec.ts:30:9 › a11y dashboard @ desktop ────────────────────

    Error: serious/critical a11y violations on dashboard @ desktop

    [2mexpect([22m[31mreceived[39m[2m).[22mtoEqual[2m([22m[32mexpected[39m[2m) // deep equality[22m

    [32m- Expected  -   1[39m
    [31m+ Received  + 151[39m

    [32m- Array [][39m
    [31m+ Array [[39m
    [31m+   Object {[39m
    [31m+     "description": "Ensure buttons have discernible text",[39m
    [31m+     "help": "Buttons must have discernible text",[39m
    [31m+     "helpUrl": "https://dequeuniversity.com/rules/axe/4.11/button-name?application=playwright",[39m
    [31m+     "id": "button-name",[39m
    [31m+     "impact": "critical",[39m
    [31m+     "nodes": Array [[39m
    [31m+       Object {[39m
    [31m+         "all": Array [],[39m
    [31m+         "any": Array [[39m
    [31m+           Object {[39m
    [31m+             "data": null,[39m
    [31m+             "id": "button-has-visible-text",[39m
    [31m+             "impact": "critical",[39m
    [31m+             "message": "Element does not have inner text that is visible to screen readers",[39m
    [31m+             "relatedNodes": Array [],[39m
    [31m+           },[39m
    [31m+           Object {[39m
    [31m+             "data": null,[39m
    [31m+             "id": "aria-label",[39m
    [31m+             "impact": "critical",[39m
    [31m+             "message": "aria-label attribute does not exist or is empty",[39m
    [31m+             "relatedNodes": Array [],[39m
    [31m+           },[39m
    [31m+           Object {[39m
    [31m+             "data": null,[39m
    [31m+             "id": "aria-labelledby",[39m
    [31m+             "impact": "critical",[39m
    [31m+             "message": "aria-labelledby attribute does not exist, references elements that do not exist or references elements that are empty",[39m
    [31m+             "relatedNodes": Array [],[39m
    [31m+           },[39m
    [31m+           Object {[39m
    [31m+             "data": Object {[39m
    [31m+               "messageKey": "noAttr",[39m
    [31m+             },[39m
    [31m+             "id": "non-empty-title",[39m
    [31m+             "impact": "critical",[39m
    [31m+             "message": "Element has no title attribute",[39m
    [31m+             "relatedNodes": Array [],[39m
    [31m+           },[39m
    [31m+           Object {[39m
    [31m+             "data": null,[39m
    [31m+             "id": "implicit-label",[39m
    [31m+             "impact": "critical",[39m
    [31m+             "message": "Element does not have an implicit (wrapped) <label>",[39m
    [31m+             "relatedNodes": Array [],[39m
    [31m+           },[39m
    [31m+           Object {[39m
    [31m+             "data": null,[39m
    [31m+             "id": "explicit-label",[39m
    [31m+             "impact": "critical",[39m
    [31m+             "message": "Element does not have an explicit <label>",[39m
    [31m+             "relatedNodes": Array [],[39m
    [31m+           },[39m
    [31m+           Object {[39m
    [31m+             "data": null,[39m
    [31m+             "id": "presentational-role",[39m
    [31m+             "impact": "critical",[39m
    [31m+             "message": "Element's default semantics were not overridden with role=\"none\" or role=\"presentation\"",[39m
    [31m+             "relatedNodes": Array [],[39m
    [31m+           },[39m
    [31m+         ],[39m
    [31m+         "failureSummary": "Fix any of the following:[39m
    [31m+   Element does not have inner text that is visible to screen readers[39m
    [31m+   aria-label attribute does not exist or is empty[39m
    [31m+   aria-labelledby attribute does not exist, references elements that do not exist or references elements that are empty[39m
    [31m+   Element has no title attribute[39m
    [31m+   Element does not have an implicit (wrapped) <label>[39m
    [31m+   Element does not have an explicit <label>[39m
    [31m+   Element's default semantics were not overridden with role=\"none\" or role=\"presentation\"",[39m
    [31m+         "html": "<button type=\"button\" class=\"flex w-full items-center gap-3 rounded-xl text-sm font-medium text-foggy transition-colors hover:bg-muted hover:text-ink-900 px-4 py-3\">",[39m
    [31m+         "impact": "critical",[39m
    [31m+         "none": Array [],[39m
    [31m+         "target": Array [[39m
    [31m+           ".w-full",[39m
    [31m+         ],[39m
    [31m+       },[39m
    [31m+     ],[39m
    [31m+     "tags": Array [[39m
    [31m+       "cat.name-role-value",[39m
    [31m+       "wcag2a",[39m
    [31m+       "wcag412",[39m
    [31m+       "section508",[39m
    [31m+       "section508.22.a",[39m
    [31m+       "TTv5",[39m
    [31m+       "TT6.a",[39m
    [31m+       "EN-301-549",[39m
    [31m+       "EN-9.4.1.2",[39m
    [31m+       "ACT",[39m
    [31m+       "RGAAv4",[39m
    [31m+       "RGAA-11.9.1",[39m
    [31m+     ],[39m
    [31m+   },[39m
    [31m+   Object {[39m
    [31m+     "description": "Ensure the contrast between foreground and background colors meets WCAG 2 AA minimum contrast ratio thresholds",[39m
    [31m+     "help": "Elements must meet minimum color contrast ratio thresholds",[39m
    [31m+     "helpUrl": "https://dequeuniversity.com/rules/axe/4.11/color-contrast?application=playwright",[39m
    [31m+     "id": "color-contrast",[39m
    [31m+     "impact": "serious",[39m
    [31m+     "nodes": Array [[39m
    [31m+       Object {[39m
    [31m+         "all": Array [],[39m
    [31m+         "any": Array [[39m
    [31m+           Object {[39m
    [31m+             "data": Object {[39m
    [31m+               "bgColor": "#e7e9ff",[39m
    [31m+               "contrastRatio": 3.51,[39m
    [31m+               "expectedContrastRatio": "4.5:1",[39m
    [31m+               "fgColor": "#6e69f3",[39m
    [31m+               "fontSize": "9.0pt (12px)",[39m
    [31m+               "fontWeight": "normal",[39m
    [31m+               "messageKey": null,[39m
    [31m+             },[39m
    [31m+             "id": "color-contrast",[39m
    [31m+             "impact": "serious",[39m
    [31m+             "message": "Element has insufficient color contrast of 3.51 (foreground color: #6e69f3, background color: #e7e9ff, font size: 9.0pt (12px), font weight: normal). Expected contrast ratio of 4.5:1",[39m
    [31m+             "relatedNodes": Array [[39m
    [31m+               Object {[39m
    [31m+                 "html": "<span class=\"inline-flex items-center gap-1 rounded-pill text-xs font-semibold tracking-wide bg-vivid-iris-soft text-vivid-iris px-2 py-0.5\">Under Review</span>",[39m
    [31m+                 "target": Array [[39m
    [31m+                   ".bg-vivid-iris-soft.text-vivid-iris.rounded-pill",[39m
    [31m+                 ],[39m
    [31m+               },[39m
    [31m+             ],[39m
    [31m+           },[39m
    [31m+         ],[39m
    [31m+         "failureSummary": "Fix any of the following:[39m
    [31m+   Element has insufficient color contrast of 3.51 (foreground color: #6e69f3, background color: #e7e9ff, font size: 9.0pt (12px), font weight: normal). Expected contrast ratio of 4.5:1",[39m
    [31m+         "html": "<span class=\"inline-flex items-center gap-1 rounded-pill text-xs font-semibold tracking-wide bg-vivid-iris-soft text-vivid-iris px-2 py-0.5\">Under Review</span>",[39m
    [31m+         "impact": "serious",[39m
    [31m+         "none": Array [],[39m
    [31m+         "target": Array [[39m
    [31m+           ".bg-vivid-iris-soft.text-vivid-iris.rounded-pill",[39m
    [31m+         ],[39m
    [31m+       },[39m
    [31m+     ],[39m
    [31m+     "tags": Array [[39m
    [31m+       "cat.color",[39m
    [31m+       "wcag2aa",[39m
    [31m+       "wcag143",[39m
    [31m+       "TTv5",[39m
    [31m+       "TT13.c",[39m
    [31m+       "EN-301-549",[39m
    [31m+       "EN-9.1.4.3",[39m
    [31m+       "ACT",[39m
    [31m+       "RGAAv4",[39m
    [31m+       "RGAA-3.2.1",[39m
    [31m+     ],[39m
    [31m+   },[39m
    [31m+ ][39m

      49 |         console.error(`\n[a11y] ${p.name} @ ${vp.label} — ${serious.length} serious/critical:\n${summary}`);
      50 |       }
    > 51 |       expect(serious, `serious/critical a11y violations on ${p.name} @ ${vp.label}`).toEqual([]);
         |                                                                                      ^
      52 |     });
      53 |   }
      54 | }
        at /Users/hunor.nagy/Code/schoolgo-app/tests/e2e/parent/a11y.spec.ts:51:86

    attachment #1: screenshot (image/png) ──────────────────────────────────────────────────────────
    test-results/parent-a11y-a11y-dashboard-desktop-chromium/test-failed-1.png
    ────────────────────────────────────────────────────────────────────────────────────────────────

    Error Context: test-results/parent-a11y-a11y-dashboard-desktop-chromium/error-context.md

  2) [chromium] › tests/e2e/parent/a11y.spec.ts:30:9 › a11y students @ desktop ─────────────────────

    Error: serious/critical a11y violations on students @ desktop

    [2mexpect([22m[31mreceived[39m[2m).[22mtoEqual[2m([22m[32mexpected[39m[2m) // deep equality[22m

    [32m- Expected  -  1[39m
    [31m+ Received  + 95[39m

    [32m- Array [][39m
    [31m+ Array [[39m
    [31m+   Object {[39m
    [31m+     "description": "Ensure buttons have discernible text",[39m
    [31m+     "help": "Buttons must have discernible text",[39m
    [31m+     "helpUrl": "https://dequeuniversity.com/rules/axe/4.11/button-name?application=playwright",[39m
    [31m+     "id": "button-name",[39m
    [31m+     "impact": "critical",[39m
    [31m+     "nodes": Array [[39m
    [31m+       Object {[39m
    [31m+         "all": Array [],[39m
    [31m+         "any": Array [[39m
    [31m+           Object {[39m
    [31m+             "data": null,[39m
    [31m+             "id": "button-has-visible-text",[39m
    [31m+             "impact": "critical",[39m
    [31m+             "message": "Element does not have inner text that is visible to screen readers",[39m
    [31m+             "relatedNodes": Array [],[39m
    [31m+           },[39m
    [31m+           Object {[39m
    [31m+             "data": null,[39m
    [31m+             "id": "aria-label",[39m
    [31m+             "impact": "critical",[39m
    [31m+             "message": "aria-label attribute does not exist or is empty",[39m
    [31m+             "relatedNodes": Array [],[39m
    [31m+           },[39m
    [31m+           Object {[39m
    [31m+             "data": null,[39m
    [31m+             "id": "aria-labelledby",[39m
    [31m+             "impact": "critical",[39m
    [31m+             "message": "aria-labelledby attribute does not exist, references elements that do not exist or references elements that are empty",[39m
    [31m+             "relatedNodes": Array [],[39m
    [31m+           },[39m
    [31m+           Object {[39m
    [31m+             "data": Object {[39m
    [31m+               "messageKey": "noAttr",[39m
    [31m+             },[39m
    [31m+             "id": "non-empty-title",[39m
    [31m+             "impact": "critical",[39m
    [31m+             "message": "Element has no title attribute",[39m
    [31m+             "relatedNodes": Array [],[39m
    [31m+           },[39m
    [31m+           Object {[39m
    [31m+             "data": null,[39m
    [31m+             "id": "implicit-label",[39m
    [31m+             "impact": "critical",[39m
    [31m+             "message": "Element does not have an implicit (wrapped) <label>",[39m
    [31m+             "relatedNodes": Array [],[39m
    [31m+           },[39m
    [31m+           Object {[39m
    [31m+             "data": null,[39m
    [31m+             "id": "explicit-label",[39m
    [31m+             "impact": "critical",[39m
    [31m+             "message": "Element does not have an explicit <label>",[39m
    [31m+             "relatedNodes": Array [],[39m
    [31m+           },[39m
    [31m+           Object {[39m
    [31m+             "data": null,[39m
    [31m+             "id": "presentational-role",[39m
    [31m+             "impact": "critical",[39m
    [31m+             "message": "Element's default semantics were not overridden with role=\"none\" or role=\"presentation\"",[39m
    [31m+             "relatedNodes": Array [],[39m
    [31m+           },[39m
    [31m+         ],[39m
    [31m+         "failureSummary": "Fix any of the following:[39m
    [31m+   Element does not have inner text that is visible to screen readers[39m
    [31m+   aria-label attribute does not exist or is empty[39m
    [31m+   aria-labelledby attribute does not exist, references elements that do not exist or references elements that are empty[39m
    [31m+   Element has no title attribute[39m
    [31m+   Element does not have an implicit (wrapped) <label>[39m
    [31m+   Element does not have an explicit <label>[39m
    [31m+   Element's default semantics were not overridden with role=\"none\" or role=\"presentation\"",[39m
    [31m+         "html": "<button type=\"button\" class=\"flex w-full items-center gap-3 rounded-xl text-sm font-medium text-foggy transition-colors hover:bg-muted hover:text-ink-900 px-4 py-3\">",[39m
    [31m+         "impact": "critical",[39m
    [31m+         "none": Array [],[39m
    [31m+         "target": Array [[39m
    [31m+           ".py-3.w-full.hover\\:bg-muted",[39m
    [31m+         ],[39m
    [31m+       },[39m
    [31m+     ],[39m
    [31m+     "tags": Array [[39m
    [31m+       "cat.name-role-value",[39m
    [31m+       "wcag2a",[39m
    [31m+       "wcag412",[39m
    [31m+       "section508",[39m
    [31m+       "section508.22.a",[39m
    [31m+       "TTv5",[39m
    [31m+       "TT6.a",[39m
    [31m+       "EN-301-549",[39m
    [31m+       "EN-9.4.1.2",[39m
    [31m+       "ACT",[39m
    [31m+       "RGAAv4",[39m
    [31m+       "RGAA-11.9.1",[39m
    [31m+     ],[39m
    [31m+   },[39m
    [31m+ ][39m

      49 |         console.error(`\n[a11y] ${p.name} @ ${vp.label} — ${serious.length} serious/critical:\n${summary}`);
      50 |       }
    > 51 |       expect(serious, `serious/critical a11y violations on ${p.name} @ ${vp.label}`).toEqual([]);
         |                                                                                      ^
      52 |     });
      53 |   }
      54 | }
        at /Users/hunor.nagy/Code/schoolgo-app/tests/e2e/parent/a11y.spec.ts:51:86

    attachment #1: screenshot (image/png) ──────────────────────────────────────────────────────────
    test-results/parent-a11y-a11y-students-desktop-chromium/test-failed-1.png
    ────────────────────────────────────────────────────────────────────────────────────────────────

    Error Context: test-results/parent-a11y-a11y-students-desktop-chromium/error-context.md

  3) [chromium] › tests/e2e/parent/a11y.spec.ts:30:9 › a11y students-new @ desktop ─────────────────

    Error: serious/critical a11y violations on students-new @ desktop

    [2mexpect([22m[31mreceived[39m[2m).[22mtoEqual[2m([22m[32mexpected[39m[2m) // deep equality[22m

    [32m- Expected  -  1[39m
    [31m+ Received  + 95[39m

    [32m- Array [][39m
    [31m+ Array [[39m
    [31m+   Object {[39m
    [31m+     "description": "Ensure buttons have discernible text",[39m
    [31m+     "help": "Buttons must have discernible text",[39m
    [31m+     "helpUrl": "https://dequeuniversity.com/rules/axe/4.11/button-name?application=playwright",[39m
    [31m+     "id": "button-name",[39m
    [31m+     "impact": "critical",[39m
    [31m+     "nodes": Array [[39m
    [31m+       Object {[39m
    [31m+         "all": Array [],[39m
    [31m+         "any": Array [[39m
    [31m+           Object {[39m
    [31m+             "data": null,[39m
    [31m+             "id": "button-has-visible-text",[39m
    [31m+             "impact": "critical",[39m
    [31m+             "message": "Element does not have inner text that is visible to screen readers",[39m
    [31m+             "relatedNodes": Array [],[39m
    [31m+           },[39m
    [31m+           Object {[39m
    [31m+             "data": null,[39m
    [31m+             "id": "aria-label",[39m
    [31m+             "impact": "critical",[39m
    [31m+             "message": "aria-label attribute does not exist or is empty",[39m
    [31m+             "relatedNodes": Array [],[39m
    [31m+           },[39m
    [31m+           Object {[39m
    [31m+             "data": null,[39m
    [31m+             "id": "aria-labelledby",[39m
    [31m+             "impact": "critical",[39m
    [31m+             "message": "aria-labelledby attribute does not exist, references elements that do not exist or references elements that are empty",[39m
    [31m+             "relatedNodes": Array [],[39m
    [31m+           },[39m
    [31m+           Object {[39m
    [31m+             "data": Object {[39m
    [31m+               "messageKey": "noAttr",[39m
    [31m+             },[39m
    [31m+             "id": "non-empty-title",[39m
    [31m+             "impact": "critical",[39m
    [31m+             "message": "Element has no title attribute",[39m
    [31m+             "relatedNodes": Array [],[39m
    [31m+           },[39m
    [31m+           Object {[39m
    [31m+             "data": null,[39m
    [31m+             "id": "implicit-label",[39m
    [31m+             "impact": "critical",[39m
    [31m+             "message": "Element does not have an implicit (wrapped) <label>",[39m
    [31m+             "relatedNodes": Array [],[39m
    [31m+           },[39m
    [31m+           Object {[39m
    [31m+             "data": null,[39m
    [31m+             "id": "explicit-label",[39m
    [31m+             "impact": "critical",[39m
    [31m+             "message": "Element does not have an explicit <label>",[39m
    [31m+             "relatedNodes": Array [],[39m
    [31m+           },[39m
    [31m+           Object {[39m
    [31m+             "data": null,[39m
    [31m+             "id": "presentational-role",[39m
    [31m+             "impact": "critical",[39m
    [31m+             "message": "Element's default semantics were not overridden with role=\"none\" or role=\"presentation\"",[39m
    [31m+             "relatedNodes": Array [],[39m
    [31m+           },[39m
    [31m+         ],[39m
    [31m+         "failureSummary": "Fix any of the following:[39m
    [31m+   Element does not have inner text that is visible to screen readers[39m
    [31m+   aria-label attribute does not exist or is empty[39m
    [31m+   aria-labelledby attribute does not exist, references elements that do not exist or references elements that are empty[39m
    [31m+   Element has no title attribute[39m
    [31m+   Element does not have an implicit (wrapped) <label>[39m
    [31m+   Element does not have an explicit <label>[39m
    [31m+   Element's default semantics were not overridden with role=\"none\" or role=\"presentation\"",[39m
    [31m+         "html": "<button type=\"button\" class=\"flex w-full items-center gap-3 rounded-xl text-sm font-medium text-foggy transition-colors hover:bg-muted hover:text-ink-900 px-4 py-3\">",[39m
    [31m+         "impact": "critical",[39m
    [31m+         "none": Array [],[39m
    [31m+         "target": Array [[39m
    [31m+           ".hover\\:text-ink-900",[39m
    [31m+         ],[39m
    [31m+       },[39m
    [31m+     ],[39m
    [31m+     "tags": Array [[39m
    [31m+       "cat.name-role-value",[39m
    [31m+       "wcag2a",[39m
    [31m+       "wcag412",[39m
    [31m+       "section508",[39m
    [31m+       "section508.22.a",[39m
    [31m+       "TTv5",[39m
    [31m+       "TT6.a",[39m
    [31m+       "EN-301-549",[39m
    [31m+       "EN-9.4.1.2",[39m
    [31m+       "ACT",[39m
    [31m+       "RGAAv4",[39m
    [31m+       "RGAA-11.9.1",[39m
    [31m+     ],[39m
    [31m+   },[39m
    [31m+ ][39m

      49 |         console.error(`\n[a11y] ${p.name} @ ${vp.label} — ${serious.length} serious/critical:\n${summary}`);
      50 |       }
    > 51 |       expect(serious, `serious/critical a11y violations on ${p.name} @ ${vp.label}`).toEqual([]);
         |                                                                                      ^
      52 |     });
      53 |   }
      54 | }
        at /Users/hunor.nagy/Code/schoolgo-app/tests/e2e/parent/a11y.spec.ts:51:86

    attachment #1: screenshot (image/png) ──────────────────────────────────────────────────────────
    test-results/parent-a11y-a11y-students-new-desktop-chromium/test-failed-1.png
    ────────────────────────────────────────────────────────────────────────────────────────────────

    Error Context: test-results/parent-a11y-a11y-students-new-desktop-chromium/error-context.md

  4) [chromium] › tests/e2e/parent/a11y.spec.ts:30:9 › a11y applications @ desktop ─────────────────

    Error: serious/critical a11y violations on applications @ desktop

    [2mexpect([22m[31mreceived[39m[2m).[22mtoEqual[2m([22m[32mexpected[39m[2m) // deep equality[22m

    [32m- Expected  -   1[39m
    [31m+ Received  + 151[39m

    [32m- Array [][39m
    [31m+ Array [[39m
    [31m+   Object {[39m
    [31m+     "description": "Ensure buttons have discernible text",[39m
    [31m+     "help": "Buttons must have discernible text",[39m
    [31m+     "helpUrl": "https://dequeuniversity.com/rules/axe/4.11/button-name?application=playwright",[39m
    [31m+     "id": "button-name",[39m
    [31m+     "impact": "critical",[39m
    [31m+     "nodes": Array [[39m
    [31m+       Object {[39m
    [31m+         "all": Array [],[39m
    [31m+         "any": Array [[39m
    [31m+           Object {[39m
    [31m+             "data": null,[39m
    [31m+             "id": "button-has-visible-text",[39m
    [31m+             "impact": "critical",[39m
    [31m+             "message": "Element does not have inner text that is visible to screen readers",[39m
    [31m+             "relatedNodes": Array [],[39m
    [31m+           },[39m
    [31m+           Object {[39m
    [31m+             "data": null,[39m
    [31m+             "id": "aria-label",[39m
    [31m+             "impact": "critical",[39m
    [31m+             "message": "aria-label attribute does not exist or is empty",[39m
    [31m+             "relatedNodes": Array [],[39m
    [31m+           },[39m
    [31m+           Object {[39m
    [31m+             "data": null,[39m
    [31m+             "id": "aria-labelledby",[39m
    [31m+             "impact": "critical",[39m
    [31m+             "message": "aria-labelledby attribute does not exist, references elements that do not exist or references elements that are empty",[39m
    [31m+             "relatedNodes": Array [],[39m
    [31m+           },[39m
    [31m+           Object {[39m
    [31m+             "data": Object {[39m
    [31m+               "messageKey": "noAttr",[39m
    [31m+             },[39m
    [31m+             "id": "non-empty-title",[39m
    [31m+             "impact": "critical",[39m
    [31m+             "message": "Element has no title attribute",[39m
    [31m+             "relatedNodes": Array [],[39m
    [31m+           },[39m
    [31m+           Object {[39m
    [31m+             "data": null,[39m
    [31m+             "id": "implicit-label",[39m
    [31m+             "impact": "critical",[39m
    [31m+             "message": "Element does not have an implicit (wrapped) <label>",[39m
    [31m+             "relatedNodes": Array [],[39m
    [31m+           },[39m
    [31m+           Object {[39m
    [31m+             "data": null,[39m
    [31m+             "id": "explicit-label",[39m
    [31m+             "impact": "critical",[39m
    [31m+             "message": "Element does not have an explicit <label>",[39m
    [31m+             "relatedNodes": Array [],[39m
    [31m+           },[39m
    [31m+           Object {[39m
    [31m+             "data": null,[39m
    [31m+             "id": "presentational-role",[39m
    [31m+             "impact": "critical",[39m
    [31m+             "message": "Element's default semantics were not overridden with role=\"none\" or role=\"presentation\"",[39m
    [31m+             "relatedNodes": Array [],[39m
    [31m+           },[39m
    [31m+         ],[39m
    [31m+         "failureSummary": "Fix any of the following:[39m
    [31m+   Element does not have inner text that is visible to screen readers[39m
    [31m+   aria-label attribute does not exist or is empty[39m
    [31m+   aria-labelledby attribute does not exist, references elements that do not exist or references elements that are empty[39m
    [31m+   Element has no title attribute[39m
    [31m+   Element does not have an implicit (wrapped) <label>[39m
    [31m+   Element does not have an explicit <label>[39m
    [31m+   Element's default semantics were not overridden with role=\"none\" or role=\"presentation\"",[39m
    [31m+         "html": "<button type=\"button\" class=\"flex w-full items-center gap-3 rounded-xl text-sm font-medium text-foggy transition-colors hover:bg-muted hover:text-ink-900 px-4 py-3\">",[39m
    [31m+         "impact": "critical",[39m
    [31m+         "none": Array [],[39m
    [31m+         "target": Array [[39m
    [31m+           ".py-3.w-full.hover\\:bg-muted",[39m
    [31m+         ],[39m
    [31m+       },[39m
    [31m+     ],[39m
    [31m+     "tags": Array [[39m
    [31m+       "cat.name-role-value",[39m
    [31m+       "wcag2a",[39m
    [31m+       "wcag412",[39m
    [31m+       "section508",[39m
    [31m+       "section508.22.a",[39m
    [31m+       "TTv5",[39m
    [31m+       "TT6.a",[39m
    [31m+       "EN-301-549",[39m
    [31m+       "EN-9.4.1.2",[39m
    [31m+       "ACT",[39m
    [31m+       "RGAAv4",[39m
    [31m+       "RGAA-11.9.1",[39m
    [31m+     ],[39m
    [31m+   },[39m
    [31m+   Object {[39m
    [31m+     "description": "Ensure the contrast between foreground and background colors meets WCAG 2 AA minimum contrast ratio thresholds",[39m
    [31m+     "help": "Elements must meet minimum color contrast ratio thresholds",[39m
    [31m+     "helpUrl": "https://dequeuniversity.com/rules/axe/4.11/color-contrast?application=playwright",[39m
    [31m+     "id": "color-contrast",[39m
    [31m+     "impact": "serious",[39m
    [31m+     "nodes": Array [[39m
    [31m+       Object {[39m
    [31m+         "all": Array [],[39m
    [31m+         "any": Array [[39m
    [31m+           Object {[39m
    [31m+             "data": Object {[39m
    [31m+               "bgColor": "#e7e9ff",[39m
    [31m+               "contrastRatio": 3.51,[39m
    [31m+               "expectedContrastRatio": "4.5:1",[39m
    [31m+               "fgColor": "#6e69f3",[39m
    [31m+               "fontSize": "9.0pt (12px)",[39m
    [31m+               "fontWeight": "normal",[39m
    [31m+               "messageKey": null,[39m
    [31m+             },[39m
    [31m+             "id": "color-contrast",[39m
    [31m+             "impact": "serious",[39m
    [31m+             "message": "Element has insufficient color contrast of 3.51 (foreground color: #6e69f3, background color: #e7e9ff, font size: 9.0pt (12px), font weight: normal). Expected contrast ratio of 4.5:1",[39m
    [31m+             "relatedNodes": Array [[39m
    [31m+               Object {[39m
    [31m+                 "html": "<span class=\"inline-flex items-center gap-1 rounded-pill text-xs font-semibold tracking-wide bg-vivid-iris-soft text-vivid-iris px-2 py-0.5\">Under Review</span>",[39m
    [31m+                 "target": Array [[39m
    [31m+                   ".bg-vivid-iris-soft",[39m
    [31m+                 ],[39m
    [31m+               },[39m
    [31m+             ],[39m
    [31m+           },[39m
    [31m+         ],[39m
    [31m+         "failureSummary": "Fix any of the following:[39m
    [31m+   Element has insufficient color contrast of 3.51 (foreground color: #6e69f3, background color: #e7e9ff, font size: 9.0pt (12px), font weight: normal). Expected contrast ratio of 4.5:1",[39m
    [31m+         "html": "<span class=\"inline-flex items-center gap-1 rounded-pill text-xs font-semibold tracking-wide bg-vivid-iris-soft text-vivid-iris px-2 py-0.5\">Under Review</span>",[39m
    [31m+         "impact": "serious",[39m
    [31m+         "none": Array [],[39m
    [31m+         "target": Array [[39m
    [31m+           ".bg-vivid-iris-soft",[39m
    [31m+         ],[39m
    [31m+       },[39m
    [31m+     ],[39m
    [31m+     "tags": Array [[39m
    [31m+       "cat.color",[39m
    [31m+       "wcag2aa",[39m
    [31m+       "wcag143",[39m
    [31m+       "TTv5",[39m
    [31m+       "TT13.c",[39m
    [31m+       "EN-301-549",[39m
    [31m+       "EN-9.1.4.3",[39m
    [31m+       "ACT",[39m
    [31m+       "RGAAv4",[39m
    [31m+       "RGAA-3.2.1",[39m
    [31m+     ],[39m
    [31m+   },[39m
    [31m+ ][39m

      49 |         console.error(`\n[a11y] ${p.name} @ ${vp.label} — ${serious.length} serious/critical:\n${summary}`);
      50 |       }
    > 51 |       expect(serious, `serious/critical a11y violations on ${p.name} @ ${vp.label}`).toEqual([]);
         |                                                                                      ^
      52 |     });
      53 |   }
      54 | }
        at /Users/hunor.nagy/Code/schoolgo-app/tests/e2e/parent/a11y.spec.ts:51:86

    attachment #1: screenshot (image/png) ──────────────────────────────────────────────────────────
    test-results/parent-a11y-a11y-applications-desktop-chromium/test-failed-1.png
    ────────────────────────────────────────────────────────────────────────────────────────────────

    Error Context: test-results/parent-a11y-a11y-applications-desktop-chromium/error-context.md

  5) [chromium] › tests/e2e/parent/a11y.spec.ts:30:9 › a11y results @ desktop ──────────────────────

    Error: serious/critical a11y violations on results @ desktop

    [2mexpect([22m[31mreceived[39m[2m).[22mtoEqual[2m([22m[32mexpected[39m[2m) // deep equality[22m

    [32m- Expected  -  1[39m
    [31m+ Received  + 95[39m

    [32m- Array [][39m
    [31m+ Array [[39m
    [31m+   Object {[39m
    [31m+     "description": "Ensure buttons have discernible text",[39m
    [31m+     "help": "Buttons must have discernible text",[39m
    [31m+     "helpUrl": "https://dequeuniversity.com/rules/axe/4.11/button-name?application=playwright",[39m
    [31m+     "id": "button-name",[39m
    [31m+     "impact": "critical",[39m
    [31m+     "nodes": Array [[39m
    [31m+       Object {[39m
    [31m+         "all": Array [],[39m
    [31m+         "any": Array [[39m
    [31m+           Object {[39m
    [31m+             "data": null,[39m
    [31m+             "id": "button-has-visible-text",[39m
    [31m+             "impact": "critical",[39m
    [31m+             "message": "Element does not have inner text that is visible to screen readers",[39m
    [31m+             "relatedNodes": Array [],[39m
    [31m+           },[39m
    [31m+           Object {[39m
    [31m+             "data": null,[39m
    [31m+             "id": "aria-label",[39m
    [31m+             "impact": "critical",[39m
    [31m+             "message": "aria-label attribute does not exist or is empty",[39m
    [31m+             "relatedNodes": Array [],[39m
    [31m+           },[39m
    [31m+           Object {[39m
    [31m+             "data": null,[39m
    [31m+             "id": "aria-labelledby",[39m
    [31m+             "impact": "critical",[39m
    [31m+             "message": "aria-labelledby attribute does not exist, references elements that do not exist or references elements that are empty",[39m
    [31m+             "relatedNodes": Array [],[39m
    [31m+           },[39m
    [31m+           Object {[39m
    [31m+             "data": Object {[39m
    [31m+               "messageKey": "noAttr",[39m
    [31m+             },[39m
    [31m+             "id": "non-empty-title",[39m
    [31m+             "impact": "critical",[39m
    [31m+             "message": "Element has no title attribute",[39m
    [31m+             "relatedNodes": Array [],[39m
    [31m+           },[39m
    [31m+           Object {[39m
    [31m+             "data": null,[39m
    [31m+             "id": "implicit-label",[39m
    [31m+             "impact": "critical",[39m
    [31m+             "message": "Element does not have an implicit (wrapped) <label>",[39m
    [31m+             "relatedNodes": Array [],[39m
    [31m+           },[39m
    [31m+           Object {[39m
    [31m+             "data": null,[39m
    [31m+             "id": "explicit-label",[39m
    [31m+             "impact": "critical",[39m
    [31m+             "message": "Element does not have an explicit <label>",[39m
    [31m+             "relatedNodes": Array [],[39m
    [31m+           },[39m
    [31m+           Object {[39m
    [31m+             "data": null,[39m
    [31m+             "id": "presentational-role",[39m
    [31m+             "impact": "critical",[39m
    [31m+             "message": "Element's default semantics were not overridden with role=\"none\" or role=\"presentation\"",[39m
    [31m+             "relatedNodes": Array [],[39m
    [31m+           },[39m
    [31m+         ],[39m
    [31m+         "failureSummary": "Fix any of the following:[39m
    [31m+   Element does not have inner text that is visible to screen readers[39m
    [31m+   aria-label attribute does not exist or is empty[39m
    [31m+   aria-labelledby attribute does not exist, references elements that do not exist or references elements that are empty[39m
    [31m+   Element has no title attribute[39m
    [31m+   Element does not have an implicit (wrapped) <label>[39m
    [31m+   Element does not have an explicit <label>[39m
    [31m+   Element's default semantics were not overridden with role=\"none\" or role=\"presentation\"",[39m
    [31m+         "html": "<button type=\"button\" class=\"flex w-full items-center gap-3 rounded-xl text-sm font-medium text-foggy transition-colors hover:bg-muted hover:text-ink-900 px-4 py-3\">",[39m
    [31m+         "impact": "critical",[39m
    [31m+         "none": Array [],[39m
    [31m+         "target": Array [[39m
    [31m+           ".hover\\:text-ink-900",[39m
    [31m+         ],[39m
    [31m+       },[39m
    [31m+     ],[39m
    [31m+     "tags": Array [[39m
    [31m+       "cat.name-role-value",[39m
    [31m+       "wcag2a",[39m
    [31m+       "wcag412",[39m
    [31m+       "section508",[39m
    [31m+       "section508.22.a",[39m
    [31m+       "TTv5",[39m
    [31m+       "TT6.a",[39m
    [31m+       "EN-301-549",[39m
    [31m+       "EN-9.4.1.2",[39m
    [31m+       "ACT",[39m
    [31m+       "RGAAv4",[39m
    [31m+       "RGAA-11.9.1",[39m
    [31m+     ],[39m
    [31m+   },[39m
    [31m+ ][39m

      49 |         console.error(`\n[a11y] ${p.name} @ ${vp.label} — ${serious.length} serious/critical:\n${summary}`);
      50 |       }
    > 51 |       expect(serious, `serious/critical a11y violations on ${p.name} @ ${vp.label}`).toEqual([]);
         |                                                                                      ^
      52 |     });
      53 |   }
      54 | }
        at /Users/hunor.nagy/Code/schoolgo-app/tests/e2e/parent/a11y.spec.ts:51:86

    attachment #1: screenshot (image/png) ──────────────────────────────────────────────────────────
    test-results/parent-a11y-a11y-results-desktop-chromium/test-failed-1.png
    ────────────────────────────────────────────────────────────────────────────────────────────────

    Error Context: test-results/parent-a11y-a11y-results-desktop-chromium/error-context.md

  6) [chromium] › tests/e2e/parent/a11y.spec.ts:30:9 › a11y settings @ desktop ─────────────────────

    Error: serious/critical a11y violations on settings @ desktop

    [2mexpect([22m[31mreceived[39m[2m).[22mtoEqual[2m([22m[32mexpected[39m[2m) // deep equality[22m

    [32m- Expected  -   1[39m
    [31m+ Received  + 186[39m

    [32m- Array [][39m
    [31m+ Array [[39m
    [31m+   Object {[39m
    [31m+     "description": "Ensure buttons have discernible text",[39m
    [31m+     "help": "Buttons must have discernible text",[39m
    [31m+     "helpUrl": "https://dequeuniversity.com/rules/axe/4.11/button-name?application=playwright",[39m
    [31m+     "id": "button-name",[39m
    [31m+     "impact": "critical",[39m
    [31m+     "nodes": Array [[39m
    [31m+       Object {[39m
    [31m+         "all": Array [],[39m
    [31m+         "any": Array [[39m
    [31m+           Object {[39m
    [31m+             "data": null,[39m
    [31m+             "id": "button-has-visible-text",[39m
    [31m+             "impact": "critical",[39m
    [31m+             "message": "Element does not have inner text that is visible to screen readers",[39m
    [31m+             "relatedNodes": Array [],[39m
    [31m+           },[39m
    [31m+           Object {[39m
    [31m+             "data": null,[39m
    [31m+             "id": "aria-label",[39m
    [31m+             "impact": "critical",[39m
    [31m+             "message": "aria-label attribute does not exist or is empty",[39m
    [31m+             "relatedNodes": Array [],[39m
    [31m+           },[39m
    [31m+           Object {[39m
    [31m+             "data": null,[39m
    [31m+             "id": "aria-labelledby",[39m
    [31m+             "impact": "critical",[39m
    [31m+             "message": "aria-labelledby attribute does not exist, references elements that do not exist or references elements that are empty",[39m
    [31m+             "relatedNodes": Array [],[39m
    [31m+           },[39m
    [31m+           Object {[39m
    [31m+             "data": Object {[39m
    [31m+               "messageKey": "noAttr",[39m
    [31m+             },[39m
    [31m+             "id": "non-empty-title",[39m
    [31m+             "impact": "critical",[39m
    [31m+             "message": "Element has no title attribute",[39m
    [31m+             "relatedNodes": Array [],[39m
    [31m+           },[39m
    [31m+           Object {[39m
    [31m+             "data": null,[39m
    [31m+             "id": "implicit-label",[39m
    [31m+             "impact": "critical",[39m
    [31m+             "message": "Element does not have an implicit (wrapped) <label>",[39m
    [31m+             "relatedNodes": Array [],[39m
    [31m+           },[39m
    [31m+           Object {[39m
    [31m+             "data": null,[39m
    [31m+             "id": "explicit-label",[39m
    [31m+             "impact": "critical",[39m
    [31m+             "message": "Element does not have an explicit <label>",[39m
    [31m+             "relatedNodes": Array [],[39m
    [31m+           },[39m
    [31m+           Object {[39m
    [31m+             "data": null,[39m
    [31m+             "id": "presentational-role",[39m
    [31m+             "impact": "critical",[39m
    [31m+             "message": "Element's default semantics were not overridden with role=\"none\" or role=\"presentation\"",[39m
    [31m+             "relatedNodes": Array [],[39m
    [31m+           },[39m
    [31m+         ],[39m
    [31m+         "failureSummary": "Fix any of the following:[39m
    [31m+   Element does not have inner text that is visible to screen readers[39m
    [31m+   aria-label attribute does not exist or is empty[39m
    [31m+   aria-labelledby attribute does not exist, references elements that do not exist or references elements that are empty[39m
    [31m+   Element has no title attribute[39m
    [31m+   Element does not have an implicit (wrapped) <label>[39m
    [31m+   Element does not have an explicit <label>[39m
    [31m+   Element's default semantics were not overridden with role=\"none\" or role=\"presentation\"",[39m
    [31m+         "html": "<button type=\"button\" class=\"flex w-full items-center gap-3 rounded-xl text-sm font-medium text-foggy transition-colors hover:bg-muted hover:text-ink-900 px-4 py-3\">",[39m
    [31m+         "impact": "critical",[39m
    [31m+         "none": Array [],[39m
    [31m+         "target": Array [[39m
    [31m+           ".hover\\:text-ink-900",[39m
    [31m+         ],[39m
    [31m+       },[39m
    [31m+     ],[39m
    [31m+     "tags": Array [[39m
    [31m+       "cat.name-role-value",[39m
    [31m+       "wcag2a",[39m
    [31m+       "wcag412",[39m
    [31m+       "section508",[39m
    [31m+       "section508.22.a",[39m
    [31m+       "TTv5",[39m
    [31m+       "TT6.a",[39m
    [31m+       "EN-301-549",[39m
    [31m+       "EN-9.4.1.2",[39m
    [31m+       "ACT",[39m
    [31m+       "RGAAv4",[39m
    [31m+       "RGAA-11.9.1",[39m
    [31m+     ],[39m
    [31m+   },[39m
    [31m+   Object {[39m
    [31m+     "description": "Ensure the contrast between foreground and background colors meets WCAG 2 AA minimum contrast ratio thresholds",[39m
    [31m+     "help": "Elements must meet minimum color contrast ratio thresholds",[39m
    [31m+     "helpUrl": "https://dequeuniversity.com/rules/axe/4.11/color-contrast?application=playwright",[39m
    [31m+     "id": "color-contrast",[39m
    [31m+     "impact": "serious",[39m
    [31m+     "nodes": Array [[39m
    [31m+       Object {[39m
    [31m+         "all": Array [],[39m
    [31m+         "any": Array [[39m
    [31m+           Object {[39m
    [31m+             "data": Object {[39m
    [31m+               "bgColor": "#f6f6f6",[39m
    [31m+               "contrastRatio": 3.32,[39m
    [31m+               "expectedContrastRatio": "4.5:1",[39m
    [31m+               "fgColor": "#878787",[39m
    [31m+               "fontSize": "10.5pt (14px)",[39m
    [31m+               "fontWeight": "normal",[39m
    [31m+               "messageKey": null,[39m
    [31m+             },[39m
    [31m+             "id": "color-contrast",[39m
    [31m+             "impact": "serious",[39m
    [31m+             "message": "Element has insufficient color contrast of 3.32 (foreground color: #878787, background color: #f6f6f6, font size: 10.5pt (14px), font weight: normal). Expected contrast ratio of 4.5:1",[39m
    [31m+             "relatedNodes": Array [[39m
    [31m+               Object {[39m
    [31m+                 "html": "<div data-orientation=\"horizontal\" data-activation-dire...=\"none\" role=\"tablist\" data-slot=\"tabs-list\" data-variant=\"default\" class=\"group/tabs-list inli...\">",[39m
    [31m+                 "target": Array [[39m
    [31m+                   ".group\\/tabs-list",[39m
    [31m+                 ],[39m
    [31m+               },[39m
    [31m+             ],[39m
    [31m+           },[39m
    [31m+         ],[39m
    [31m+         "failureSummary": "Fix any of the following:[39m
    [31m+   Element has insufficient color contrast of 3.32 (foreground color: #878787, background color: #f6f6f6, font size: 10.5pt (14px), font weight: normal). Expected contrast ratio of 4.5:1",[39m
    [31m+         "html": "<button type=\"button\" data-orientation=\"horizontal\" aria-disabled=\"false\" tabindex=\"-1\" role=\"tab\" aria-selected=\"false\" id=\"base-ui-_r_7_\" data-slot=\"tabs-trigger\" class=\"relative inline-flex...\">",[39m
    [31m+         "impact": "serious",[39m
    [31m+         "none": Array [],[39m
    [31m+         "target": Array [[39m
    [31m+           "#base-ui-_r_7_",[39m
    [31m+         ],[39m
    [31m+       },[39m
    [31m+       Object {[39m
    [31m+         "all": Array [],[39m
    [31m+         "any": Array [[39m
    [31m+           Object {[39m
    [31m+             "data": Object {[39m
    [31m+               "bgColor": "#f6f6f6",[39m
    [31m+               "contrastRatio": 3.32,[39m
    [31m+               "expectedContrastRatio": "4.5:1",[39m
    [31m+               "fgColor": "#878787",[39m
    [31m+               "fontSize": "10.5pt (14px)",[39m
    [31m+               "fontWeight": "normal",[39m
    [31m+               "messageKey": null,[39m
    [31m+             },[39m
    [31m+             "id": "color-contrast",[39m
    [31m+             "impact": "serious",[39m
    [31m+             "message": "Element has insufficient color contrast of 3.32 (foreground color: #878787, background color: #f6f6f6, font size: 10.5pt (14px), font weight: normal). Expected contrast ratio of 4.5:1",[39m
    [31m+             "relatedNodes": Array [[39m
    [31m+               Object {[39m
    [31m+                 "html": "<div data-orientation=\"horizontal\" data-activation-dire...=\"none\" role=\"tablist\" data-slot=\"tabs-list\" data-variant=\"default\" class=\"group/tabs-list inli...\">",[39m
    [31m+                 "target": Array [[39m
    [31m+                   ".group\\/tabs-list",[39m
    [31m+                 ],[39m
    [31m+               },[39m
    [31m+             ],[39m
    [31m+           },[39m
    [31m+         ],[39m
    [31m+         "failureSummary": "Fix any of the following:[39m
    [31m+   Element has insufficient color contrast of 3.32 (foreground color: #878787, background color: #f6f6f6, font size: 10.5pt (14px), font weight: normal). Expected contrast ratio of 4.5:1",[39m
    [31m+         "html": "<button type=\"button\" data-orientation=\"horizontal\" aria-disabled=\"false\" tabindex=\"-1\" role=\"tab\" aria-selected=\"false\" id=\"base-ui-_r_8_\" data-slot=\"tabs-trigger\" class=\"relative inline-flex...\">",[39m
    [31m+         "impact": "serious",[39m
    [31m+         "none": Array [],[39m
    [31m+         "target": Array [[39m
    [31m+           "#base-ui-_r_8_",[39m
    [31m+         ],[39m
    [31m+       },[39m
    [31m+     ],[39m
    [31m+     "tags": Array [[39m
    [31m+       "cat.color",[39m
    [31m+       "wcag2aa",[39m
    [31m+       "wcag143",[39m
    [31m+       "TTv5",[39m
    [31m+       "TT13.c",[39m
    [31m+       "EN-301-549",[39m
    [31m+       "EN-9.1.4.3",[39m
    [31m+       "ACT",[39m
    [31m+       "RGAAv4",[39m
    [31m+       "RGAA-3.2.1",[39m
    [31m+     ],[39m
    [31m+   },[39m
    [31m+ ][39m

      49 |         console.error(`\n[a11y] ${p.name} @ ${vp.label} — ${serious.length} serious/critical:\n${summary}`);
      50 |       }
    > 51 |       expect(serious, `serious/critical a11y violations on ${p.name} @ ${vp.label}`).toEqual([]);
         |                                                                                      ^
      52 |     });
      53 |   }
      54 | }
        at /Users/hunor.nagy/Code/schoolgo-app/tests/e2e/parent/a11y.spec.ts:51:86

    attachment #1: screenshot (image/png) ──────────────────────────────────────────────────────────
    test-results/parent-a11y-a11y-settings-desktop-chromium/test-failed-1.png
    ────────────────────────────────────────────────────────────────────────────────────────────────

    Error Context: test-results/parent-a11y-a11y-settings-desktop-chromium/error-context.md

  7) [chromium] › tests/e2e/parent/a11y.spec.ts:30:9 › a11y notifications @ desktop ────────────────

    Error: serious/critical a11y violations on notifications @ desktop

    [2mexpect([22m[31mreceived[39m[2m).[22mtoEqual[2m([22m[32mexpected[39m[2m) // deep equality[22m

    [32m- Expected  -  1[39m
    [31m+ Received  + 95[39m

    [32m- Array [][39m
    [31m+ Array [[39m
    [31m+   Object {[39m
    [31m+     "description": "Ensure buttons have discernible text",[39m
    [31m+     "help": "Buttons must have discernible text",[39m
    [31m+     "helpUrl": "https://dequeuniversity.com/rules/axe/4.11/button-name?application=playwright",[39m
    [31m+     "id": "button-name",[39m
    [31m+     "impact": "critical",[39m
    [31m+     "nodes": Array [[39m
    [31m+       Object {[39m
    [31m+         "all": Array [],[39m
    [31m+         "any": Array [[39m
    [31m+           Object {[39m
    [31m+             "data": null,[39m
    [31m+             "id": "button-has-visible-text",[39m
    [31m+             "impact": "critical",[39m
    [31m+             "message": "Element does not have inner text that is visible to screen readers",[39m
    [31m+             "relatedNodes": Array [],[39m
    [31m+           },[39m
    [31m+           Object {[39m
    [31m+             "data": null,[39m
    [31m+             "id": "aria-label",[39m
    [31m+             "impact": "critical",[39m
    [31m+             "message": "aria-label attribute does not exist or is empty",[39m
    [31m+             "relatedNodes": Array [],[39m
    [31m+           },[39m
    [31m+           Object {[39m
    [31m+             "data": null,[39m
    [31m+             "id": "aria-labelledby",[39m
    [31m+             "impact": "critical",[39m
    [31m+             "message": "aria-labelledby attribute does not exist, references elements that do not exist or references elements that are empty",[39m
    [31m+             "relatedNodes": Array [],[39m
    [31m+           },[39m
    [31m+           Object {[39m
    [31m+             "data": Object {[39m
    [31m+               "messageKey": "noAttr",[39m
    [31m+             },[39m
    [31m+             "id": "non-empty-title",[39m
    [31m+             "impact": "critical",[39m
    [31m+             "message": "Element has no title attribute",[39m
    [31m+             "relatedNodes": Array [],[39m
    [31m+           },[39m
    [31m+           Object {[39m
    [31m+             "data": null,[39m
    [31m+             "id": "implicit-label",[39m
    [31m+             "impact": "critical",[39m
    [31m+             "message": "Element does not have an implicit (wrapped) <label>",[39m
    [31m+             "relatedNodes": Array [],[39m
    [31m+           },[39m
    [31m+           Object {[39m
    [31m+             "data": null,[39m
    [31m+             "id": "explicit-label",[39m
    [31m+             "impact": "critical",[39m
    [31m+             "message": "Element does not have an explicit <label>",[39m
    [31m+             "relatedNodes": Array [],[39m
    [31m+           },[39m
    [31m+           Object {[39m
    [31m+             "data": null,[39m
    [31m+             "id": "presentational-role",[39m
    [31m+             "impact": "critical",[39m
    [31m+             "message": "Element's default semantics were not overridden with role=\"none\" or role=\"presentation\"",[39m
    [31m+             "relatedNodes": Array [],[39m
    [31m+           },[39m
    [31m+         ],[39m
    [31m+         "failureSummary": "Fix any of the following:[39m
    [31m+   Element does not have inner text that is visible to screen readers[39m
    [31m+   aria-label attribute does not exist or is empty[39m
    [31m+   aria-labelledby attribute does not exist, references elements that do not exist or references elements that are empty[39m
    [31m+   Element has no title attribute[39m
    [31m+   Element does not have an implicit (wrapped) <label>[39m
    [31m+   Element does not have an explicit <label>[39m
    [31m+   Element's default semantics were not overridden with role=\"none\" or role=\"presentation\"",[39m
    [31m+         "html": "<button type=\"button\" class=\"flex w-full items-center gap-3 rounded-xl text-sm font-medium text-foggy transition-colors hover:bg-muted hover:text-ink-900 px-4 py-3\">",[39m
    [31m+         "impact": "critical",[39m
    [31m+         "none": Array [],[39m
    [31m+         "target": Array [[39m
    [31m+           ".w-full",[39m
    [31m+         ],[39m
    [31m+       },[39m
    [31m+     ],[39m
    [31m+     "tags": Array [[39m
    [31m+       "cat.name-role-value",[39m
    [31m+       "wcag2a",[39m
    [31m+       "wcag412",[39m
    [31m+       "section508",[39m
    [31m+       "section508.22.a",[39m
    [31m+       "TTv5",[39m
    [31m+       "TT6.a",[39m
    [31m+       "EN-301-549",[39m
    [31m+       "EN-9.4.1.2",[39m
    [31m+       "ACT",[39m
    [31m+       "RGAAv4",[39m
    [31m+       "RGAA-11.9.1",[39m
    [31m+     ],[39m
    [31m+   },[39m
    [31m+ ][39m

      49 |         console.error(`\n[a11y] ${p.name} @ ${vp.label} — ${serious.length} serious/critical:\n${summary}`);
      50 |       }
    > 51 |       expect(serious, `serious/critical a11y violations on ${p.name} @ ${vp.label}`).toEqual([]);
         |                                                                                      ^
      52 |     });
      53 |   }
      54 | }
        at /Users/hunor.nagy/Code/schoolgo-app/tests/e2e/parent/a11y.spec.ts:51:86

    attachment #1: screenshot (image/png) ──────────────────────────────────────────────────────────
    test-results/parent-a11y-a11y-notifications-desktop-chromium/test-failed-1.png
    ────────────────────────────────────────────────────────────────────────────────────────────────

    Error Context: test-results/parent-a11y-a11y-notifications-desktop-chromium/error-context.md

  8) [chromium] › tests/e2e/parent/a11y.spec.ts:30:9 › a11y saved-schools @ desktop ────────────────

    Error: serious/critical a11y violations on saved-schools @ desktop

    [2mexpect([22m[31mreceived[39m[2m).[22mtoEqual[2m([22m[32mexpected[39m[2m) // deep equality[22m

    [32m- Expected  -  1[39m
    [31m+ Received  + 95[39m

    [32m- Array [][39m
    [31m+ Array [[39m
    [31m+   Object {[39m
    [31m+     "description": "Ensure buttons have discernible text",[39m
    [31m+     "help": "Buttons must have discernible text",[39m
    [31m+     "helpUrl": "https://dequeuniversity.com/rules/axe/4.11/button-name?application=playwright",[39m
    [31m+     "id": "button-name",[39m
    [31m+     "impact": "critical",[39m
    [31m+     "nodes": Array [[39m
    [31m+       Object {[39m
    [31m+         "all": Array [],[39m
    [31m+         "any": Array [[39m
    [31m+           Object {[39m
    [31m+             "data": null,[39m
    [31m+             "id": "button-has-visible-text",[39m
    [31m+             "impact": "critical",[39m
    [31m+             "message": "Element does not have inner text that is visible to screen readers",[39m
    [31m+             "relatedNodes": Array [],[39m
    [31m+           },[39m
    [31m+           Object {[39m
    [31m+             "data": null,[39m
    [31m+             "id": "aria-label",[39m
    [31m+             "impact": "critical",[39m
    [31m+             "message": "aria-label attribute does not exist or is empty",[39m
    [31m+             "relatedNodes": Array [],[39m
    [31m+           },[39m
    [31m+           Object {[39m
    [31m+             "data": null,[39m
    [31m+             "id": "aria-labelledby",[39m
    [31m+             "impact": "critical",[39m
    [31m+             "message": "aria-labelledby attribute does not exist, references elements that do not exist or references elements that are empty",[39m
    [31m+             "relatedNodes": Array [],[39m
    [31m+           },[39m
    [31m+           Object {[39m
    [31m+             "data": Object {[39m
    [31m+               "messageKey": "noAttr",[39m
    [31m+             },[39m
    [31m+             "id": "non-empty-title",[39m
    [31m+             "impact": "critical",[39m
    [31m+             "message": "Element has no title attribute",[39m
    [31m+             "relatedNodes": Array [],[39m
    [31m+           },[39m
    [31m+           Object {[39m
    [31m+             "data": null,[39m
    [31m+             "id": "implicit-label",[39m
    [31m+             "impact": "critical",[39m
    [31m+             "message": "Element does not have an implicit (wrapped) <label>",[39m
    [31m+             "relatedNodes": Array [],[39m
    [31m+           },[39m
    [31m+           Object {[39m
    [31m+             "data": null,[39m
    [31m+             "id": "explicit-label",[39m
    [31m+             "impact": "critical",[39m
    [31m+             "message": "Element does not have an explicit <label>",[39m
    [31m+             "relatedNodes": Array [],[39m
    [31m+           },[39m
    [31m+           Object {[39m
    [31m+             "data": null,[39m
    [31m+             "id": "presentational-role",[39m
    [31m+             "impact": "critical",[39m
    [31m+             "message": "Element's default semantics were not overridden with role=\"none\" or role=\"presentation\"",[39m
    [31m+             "relatedNodes": Array [],[39m
    [31m+           },[39m
    [31m+         ],[39m
    [31m+         "failureSummary": "Fix any of the following:[39m
    [31m+   Element does not have inner text that is visible to screen readers[39m
    [31m+   aria-label attribute does not exist or is empty[39m
    [31m+   aria-labelledby attribute does not exist, references elements that do not exist or references elements that are empty[39m
    [31m+   Element has no title attribute[39m
    [31m+   Element does not have an implicit (wrapped) <label>[39m
    [31m+   Element does not have an explicit <label>[39m
    [31m+   Element's default semantics were not overridden with role=\"none\" or role=\"presentation\"",[39m
    [31m+         "html": "<button type=\"button\" class=\"flex w-full items-center gap-3 rounded-xl text-sm font-medium text-foggy transition-colors hover:bg-muted hover:text-ink-900 px-4 py-3\">",[39m
    [31m+         "impact": "critical",[39m
    [31m+         "none": Array [],[39m
    [31m+         "target": Array [[39m
    [31m+           ".w-full",[39m
    [31m+         ],[39m
    [31m+       },[39m
    [31m+     ],[39m
    [31m+     "tags": Array [[39m
    [31m+       "cat.name-role-value",[39m
    [31m+       "wcag2a",[39m
    [31m+       "wcag412",[39m
    [31m+       "section508",[39m
    [31m+       "section508.22.a",[39m
    [31m+       "TTv5",[39m
    [31m+       "TT6.a",[39m
    [31m+       "EN-301-549",[39m
    [31m+       "EN-9.4.1.2",[39m
    [31m+       "ACT",[39m
    [31m+       "RGAAv4",[39m
    [31m+       "RGAA-11.9.1",[39m
    [31m+     ],[39m
    [31m+   },[39m
    [31m+ ][39m

      49 |         console.error(`\n[a11y] ${p.name} @ ${vp.label} — ${serious.length} serious/critical:\n${summary}`);
      50 |       }
    > 51 |       expect(serious, `serious/critical a11y violations on ${p.name} @ ${vp.label}`).toEqual([]);
         |                                                                                      ^
      52 |     });
      53 |   }
      54 | }
        at /Users/hunor.nagy/Code/schoolgo-app/tests/e2e/parent/a11y.spec.ts:51:86

    attachment #1: screenshot (image/png) ──────────────────────────────────────────────────────────
    test-results/parent-a11y-a11y-saved-schools-desktop-chromium/test-failed-1.png
    ────────────────────────────────────────────────────────────────────────────────────────────────

    Error Context: test-results/parent-a11y-a11y-saved-schools-desktop-chromium/error-context.md

  9) [chromium] › tests/e2e/parent/a11y.spec.ts:30:9 › a11y saved-searches @ desktop ───────────────

    Error: serious/critical a11y violations on saved-searches @ desktop

    [2mexpect([22m[31mreceived[39m[2m).[22mtoEqual[2m([22m[32mexpected[39m[2m) // deep equality[22m

    [32m- Expected  -  1[39m
    [31m+ Received  + 95[39m

    [32m- Array [][39m
    [31m+ Array [[39m
    [31m+   Object {[39m
    [31m+     "description": "Ensure buttons have discernible text",[39m
    [31m+     "help": "Buttons must have discernible text",[39m
    [31m+     "helpUrl": "https://dequeuniversity.com/rules/axe/4.11/button-name?application=playwright",[39m
    [31m+     "id": "button-name",[39m
    [31m+     "impact": "critical",[39m
    [31m+     "nodes": Array [[39m
    [31m+       Object {[39m
    [31m+         "all": Array [],[39m
    [31m+         "any": Array [[39m
    [31m+           Object {[39m
    [31m+             "data": null,[39m
    [31m+             "id": "button-has-visible-text",[39m
    [31m+             "impact": "critical",[39m
    [31m+             "message": "Element does not have inner text that is visible to screen readers",[39m
    [31m+             "relatedNodes": Array [],[39m
    [31m+           },[39m
    [31m+           Object {[39m
    [31m+             "data": null,[39m
    [31m+             "id": "aria-label",[39m
    [31m+             "impact": "critical",[39m
    [31m+             "message": "aria-label attribute does not exist or is empty",[39m
    [31m+             "relatedNodes": Array [],[39m
    [31m+           },[39m
    [31m+           Object {[39m
    [31m+             "data": null,[39m
    [31m+             "id": "aria-labelledby",[39m
    [31m+             "impact": "critical",[39m
    [31m+             "message": "aria-labelledby attribute does not exist, references elements that do not exist or references elements that are empty",[39m
    [31m+             "relatedNodes": Array [],[39m
    [31m+           },[39m
    [31m+           Object {[39m
    [31m+             "data": Object {[39m
    [31m+               "messageKey": "noAttr",[39m
    [31m+             },[39m
    [31m+             "id": "non-empty-title",[39m
    [31m+             "impact": "critical",[39m
    [31m+             "message": "Element has no title attribute",[39m
    [31m+             "relatedNodes": Array [],[39m
    [31m+           },[39m
    [31m+           Object {[39m
    [31m+             "data": null,[39m
    [31m+             "id": "implicit-label",[39m
    [31m+             "impact": "critical",[39m
    [31m+             "message": "Element does not have an implicit (wrapped) <label>",[39m
    [31m+             "relatedNodes": Array [],[39m
    [31m+           },[39m
    [31m+           Object {[39m
    [31m+             "data": null,[39m
    [31m+             "id": "explicit-label",[39m
    [31m+             "impact": "critical",[39m
    [31m+             "message": "Element does not have an explicit <label>",[39m
    [31m+             "relatedNodes": Array [],[39m
    [31m+           },[39m
    [31m+           Object {[39m
    [31m+             "data": null,[39m
    [31m+             "id": "presentational-role",[39m
    [31m+             "impact": "critical",[39m
    [31m+             "message": "Element's default semantics were not overridden with role=\"none\" or role=\"presentation\"",[39m
    [31m+             "relatedNodes": Array [],[39m
    [31m+           },[39m
    [31m+         ],[39m
    [31m+         "failureSummary": "Fix any of the following:[39m
    [31m+   Element does not have inner text that is visible to screen readers[39m
    [31m+   aria-label attribute does not exist or is empty[39m
    [31m+   aria-labelledby attribute does not exist, references elements that do not exist or references elements that are empty[39m
    [31m+   Element has no title attribute[39m
    [31m+   Element does not have an implicit (wrapped) <label>[39m
    [31m+   Element does not have an explicit <label>[39m
    [31m+   Element's default semantics were not overridden with role=\"none\" or role=\"presentation\"",[39m
    [31m+         "html": "<button type=\"button\" class=\"flex w-full items-center gap-3 rounded-xl text-sm font-medium text-foggy transition-colors hover:bg-muted hover:text-ink-900 px-4 py-3\">",[39m
    [31m+         "impact": "critical",[39m
    [31m+         "none": Array [],[39m
    [31m+         "target": Array [[39m
    [31m+           ".w-full",[39m
    [31m+         ],[39m
    [31m+       },[39m
    [31m+     ],[39m
    [31m+     "tags": Array [[39m
    [31m+       "cat.name-role-value",[39m
    [31m+       "wcag2a",[39m
    [31m+       "wcag412",[39m
    [31m+       "section508",[39m
    [31m+       "section508.22.a",[39m
    [31m+       "TTv5",[39m
    [31m+       "TT6.a",[39m
    [31m+       "EN-301-549",[39m
    [31m+       "EN-9.4.1.2",[39m
    [31m+       "ACT",[39m
    [31m+       "RGAAv4",[39m
    [31m+       "RGAA-11.9.1",[39m
    [31m+     ],[39m
    [31m+   },[39m
    [31m+ ][39m

      49 |         console.error(`\n[a11y] ${p.name} @ ${vp.label} — ${serious.length} serious/critical:\n${summary}`);
      50 |       }
    > 51 |       expect(serious, `serious/critical a11y violations on ${p.name} @ ${vp.label}`).toEqual([]);
         |                                                                                      ^
      52 |     });
      53 |   }
      54 | }
        at /Users/hunor.nagy/Code/schoolgo-app/tests/e2e/parent/a11y.spec.ts:51:86

    attachment #1: screenshot (image/png) ──────────────────────────────────────────────────────────
    test-results/parent-a11y-a11y-saved-searches-desktop-chromium/test-failed-1.png
    ────────────────────────────────────────────────────────────────────────────────────────────────

    Error Context: test-results/parent-a11y-a11y-saved-searches-desktop-chromium/error-context.md

  10) [chromium] › tests/e2e/parent/a11y.spec.ts:30:9 › a11y payments @ desktop ────────────────────

    Error: serious/critical a11y violations on payments @ desktop

    [2mexpect([22m[31mreceived[39m[2m).[22mtoEqual[2m([22m[32mexpected[39m[2m) // deep equality[22m

    [32m- Expected  -  1[39m
    [31m+ Received  + 95[39m

    [32m- Array [][39m
    [31m+ Array [[39m
    [31m+   Object {[39m
    [31m+     "description": "Ensure buttons have discernible text",[39m
    [31m+     "help": "Buttons must have discernible text",[39m
    [31m+     "helpUrl": "https://dequeuniversity.com/rules/axe/4.11/button-name?application=playwright",[39m
    [31m+     "id": "button-name",[39m
    [31m+     "impact": "critical",[39m
    [31m+     "nodes": Array [[39m
    [31m+       Object {[39m
    [31m+         "all": Array [],[39m
    [31m+         "any": Array [[39m
    [31m+           Object {[39m
    [31m+             "data": null,[39m
    [31m+             "id": "button-has-visible-text",[39m
    [31m+             "impact": "critical",[39m
    [31m+             "message": "Element does not have inner text that is visible to screen readers",[39m
    [31m+             "relatedNodes": Array [],[39m
    [31m+           },[39m
    [31m+           Object {[39m
    [31m+             "data": null,[39m
    [31m+             "id": "aria-label",[39m
    [31m+             "impact": "critical",[39m
    [31m+             "message": "aria-label attribute does not exist or is empty",[39m
    [31m+             "relatedNodes": Array [],[39m
    [31m+           },[39m
    [31m+           Object {[39m
    [31m+             "data": null,[39m
    [31m+             "id": "aria-labelledby",[39m
    [31m+             "impact": "critical",[39m
    [31m+             "message": "aria-labelledby attribute does not exist, references elements that do not exist or references elements that are empty",[39m
    [31m+             "relatedNodes": Array [],[39m
    [31m+           },[39m
    [31m+           Object {[39m
    [31m+             "data": Object {[39m
    [31m+               "messageKey": "noAttr",[39m
    [31m+             },[39m
    [31m+             "id": "non-empty-title",[39m
    [31m+             "impact": "critical",[39m
    [31m+             "message": "Element has no title attribute",[39m
    [31m+             "relatedNodes": Array [],[39m
    [31m+           },[39m
    [31m+           Object {[39m
    [31m+             "data": null,[39m
    [31m+             "id": "implicit-label",[39m
    [31m+             "impact": "critical",[39m
    [31m+             "message": "Element does not have an implicit (wrapped) <label>",[39m
    [31m+             "relatedNodes": Array [],[39m
    [31m+           },[39m
    [31m+           Object {[39m
    [31m+             "data": null,[39m
    [31m+             "id": "explicit-label",[39m
    [31m+             "impact": "critical",[39m
    [31m+             "message": "Element does not have an explicit <label>",[39m
    [31m+             "relatedNodes": Array [],[39m
    [31m+           },[39m
    [31m+           Object {[39m
    [31m+             "data": null,[39m
    [31m+             "id": "presentational-role",[39m
    [31m+             "impact": "critical",[39m
    [31m+             "message": "Element's default semantics were not overridden with role=\"none\" or role=\"presentation\"",[39m
    [31m+             "relatedNodes": Array [],[39m
    [31m+           },[39m
    [31m+         ],[39m
    [31m+         "failureSummary": "Fix any of the following:[39m
    [31m+   Element does not have inner text that is visible to screen readers[39m
    [31m+   aria-label attribute does not exist or is empty[39m
    [31m+   aria-labelledby attribute does not exist, references elements that do not exist or references elements that are empty[39m
    [31m+   Element has no title attribute[39m
    [31m+   Element does not have an implicit (wrapped) <label>[39m
    [31m+   Element does not have an explicit <label>[39m
    [31m+   Element's default semantics were not overridden with role=\"none\" or role=\"presentation\"",[39m
    [31m+         "html": "<button type=\"button\" class=\"flex w-full items-center gap-3 rounded-xl text-sm font-medium text-foggy transition-colors hover:bg-muted hover:text-ink-900 px-4 py-3\">",[39m
    [31m+         "impact": "critical",[39m
    [31m+         "none": Array [],[39m
    [31m+         "target": Array [[39m
    [31m+           ".w-full",[39m
    [31m+         ],[39m
    [31m+       },[39m
    [31m+     ],[39m
    [31m+     "tags": Array [[39m
    [31m+       "cat.name-role-value",[39m
    [31m+       "wcag2a",[39m
    [31m+       "wcag412",[39m
    [31m+       "section508",[39m
    [31m+       "section508.22.a",[39m
    [31m+       "TTv5",[39m
    [31m+       "TT6.a",[39m
    [31m+       "EN-301-549",[39m
    [31m+       "EN-9.4.1.2",[39m
    [31m+       "ACT",[39m
    [31m+       "RGAAv4",[39m
    [31m+       "RGAA-11.9.1",[39m
    [31m+     ],[39m
    [31m+   },[39m
    [31m+ ][39m

      49 |         console.error(`\n[a11y] ${p.name} @ ${vp.label} — ${serious.length} serious/critical:\n${summary}`);
      50 |       }
    > 51 |       expect(serious, `serious/critical a11y violations on ${p.name} @ ${vp.label}`).toEqual([]);
         |                                                                                      ^
      52 |     });
      53 |   }
      54 | }
        at /Users/hunor.nagy/Code/schoolgo-app/tests/e2e/parent/a11y.spec.ts:51:86

    attachment #1: screenshot (image/png) ──────────────────────────────────────────────────────────
    test-results/parent-a11y-a11y-payments-desktop-chromium/test-failed-1.png
    ────────────────────────────────────────────────────────────────────────────────────────────────

    Error Context: test-results/parent-a11y-a11y-payments-desktop-chromium/error-context.md

  11) [chromium] › tests/e2e/parent/a11y.spec.ts:30:9 › a11y search-spec @ desktop ─────────────────

    Error: serious/critical a11y violations on search-spec @ desktop

    [2mexpect([22m[31mreceived[39m[2m).[22mtoEqual[2m([22m[32mexpected[39m[2m) // deep equality[22m

    [32m- Expected  -   1[39m
    [31m+ Received  + 266[39m

    [32m- Array [][39m
    [31m+ Array [[39m
    [31m+   Object {[39m
    [31m+     "description": "Ensure the contrast between foreground and background colors meets WCAG 2 AA minimum contrast ratio thresholds",[39m
    [31m+     "help": "Elements must meet minimum color contrast ratio thresholds",[39m
    [31m+     "helpUrl": "https://dequeuniversity.com/rules/axe/4.11/color-contrast?application=playwright",[39m
    [31m+     "id": "color-contrast",[39m
    [31m+     "impact": "serious",[39m
    [31m+     "nodes": Array [[39m
    [31m+       Object {[39m
    [31m+         "all": Array [],[39m
    [31m+         "any": Array [[39m
    [31m+           Object {[39m
    [31m+             "data": Object {[39m
    [31m+               "bgColor": "#faeded",[39m
    [31m+               "contrastRatio": 3.96,[39m
    [31m+               "expectedContrastRatio": "4.5:1",[39m
    [31m+               "fgColor": "#ee0013",[39m
    [31m+               "fontSize": "8.3pt (11px)",[39m
    [31m+               "fontWeight": "normal",[39m
    [31m+               "messageKey": null,[39m
    [31m+             },[39m
    [31m+             "id": "color-contrast",[39m
    [31m+             "impact": "serious",[39m
    [31m+             "message": "Element has insufficient color contrast of 3.96 (foreground color: #ee0013, background color: #faeded, font size: 8.3pt (11px), font weight: normal). Expected contrast ratio of 4.5:1",[39m
    [31m+             "relatedNodes": Array [[39m
    [31m+               Object {[39m
    [31m+                 "html": "<span class=\"rounded-pill bg-rausch-50 px-2 py-0.5 font-mono text-caption font-semibold text-primary\">$5k – $60k</span>",[39m
    [31m+                 "target": Array [[39m
    [31m+                   ".font-mono",[39m
    [31m+                 ],[39m
    [31m+               },[39m
    [31m+             ],[39m
    [31m+           },[39m
    [31m+         ],[39m
    [31m+         "failureSummary": "Fix any of the following:[39m
    [31m+   Element has insufficient color contrast of 3.96 (foreground color: #ee0013, background color: #faeded, font size: 8.3pt (11px), font weight: normal). Expected contrast ratio of 4.5:1",[39m
    [31m+         "html": "<span class=\"rounded-pill bg-rausch-50 px-2 py-0.5 font-mono text-caption font-semibold text-primary\">$5k – $60k</span>",[39m
    [31m+         "impact": "serious",[39m
    [31m+         "none": Array [],[39m
    [31m+         "target": Array [[39m
    [31m+           ".font-mono",[39m
    [31m+         ],[39m
    [31m+       },[39m
    [31m+       Object {[39m
    [31m+         "all": Array [],[39m
    [31m+         "any": Array [[39m
    [31m+           Object {[39m
    [31m+             "data": Object {[39m
    [31m+               "bgColor": "#fef2f3",[39m
    [31m+               "contrastRatio": 4.13,[39m
    [31m+               "expectedContrastRatio": "4.5:1",[39m
    [31m+               "fgColor": "#ee0013",[39m
    [31m+               "fontSize": "8.3pt (11px)",[39m
    [31m+               "fontWeight": "normal",[39m
    [31m+               "messageKey": null,[39m
    [31m+             },[39m
    [31m+             "id": "color-contrast",[39m
    [31m+             "impact": "serious",[39m
    [31m+             "message": "Element has insufficient color contrast of 4.13 (foreground color: #ee0013, background color: #fef2f3, font size: 8.3pt (11px), font weight: normal). Expected contrast ratio of 4.5:1",[39m
    [31m+             "relatedNodes": Array [[39m
    [31m+               Object {[39m
    [31m+                 "html": "<div class=\"flex shrink-0 items-center justify-between gap-2 border-b border-divider bg-primary/5 px-4 py-2.5\"><div class=\"flex items-center gap-2\"><span class=\"text-caption font-semibold uppercase text-primary\">Advanced</span></div></div>",[39m
    [31m+                 "target": Array [[39m
    [31m+                   ".bg-primary\\/5",[39m
    [31m+                 ],[39m
    [31m+               },[39m
    [31m+               Object {[39m
    [31m+                 "html": "<div class=\"flex h-full min-h-0 flex-col overflow-hidden rounded-xl border border-primary/40 bg-card shadow-2\">",[39m
    [31m+                 "target": Array [[39m
    [31m+                   ".border-primary\\/40",[39m
    [31m+                 ],[39m
    [31m+               },[39m
    [31m+             ],[39m
    [31m+           },[39m
    [31m+         ],[39m
    [31m+         "failureSummary": "Fix any of the following:[39m
    [31m+   Element has insufficient color contrast of 4.13 (foreground color: #ee0013, background color: #fef2f3, font size: 8.3pt (11px), font weight: normal). Expected contrast ratio of 4.5:1",[39m
    [31m+         "html": "<span class=\"text-caption font-semibold uppercase text-primary\">Advanced</span>",[39m
    [31m+         "impact": "serious",[39m
    [31m+         "none": Array [],[39m
    [31m+         "target": Array [[39m
    [31m+           ".uppercase.text-primary.text-caption",[39m
    [31m+         ],[39m
    [31m+       },[39m
    [31m+     ],[39m
    [31m+     "tags": Array [[39m
    [31m+       "cat.color",[39m
    [31m+       "wcag2aa",[39m
    [31m+       "wcag143",[39m
    [31m+       "TTv5",[39m
    [31m+       "TT13.c",[39m
    [31m+       "EN-301-549",[39m
    [31m+       "EN-9.1.4.3",[39m
    [31m+       "ACT",[39m
    [31m+       "RGAAv4",[39m
    [31m+       "RGAA-3.2.1",[39m
    [31m+     ],[39m
    [31m+   },[39m
    [31m+   Object {[39m
    [31m+     "description": "Ensure every form element has a label",[39m
    [31m+     "help": "Form elements must have labels",[39m
    [31m+     "helpUrl": "https://dequeuniversity.com/rules/axe/4.11/label?application=playwright",[39m
    [31m+     "id": "label",[39m
    [31m+     "impact": "critical",[39m
    [31m+     "nodes": Array [[39m
    [31m+       Object {[39m
    [31m+         "all": Array [],[39m
    [31m+         "any": Array [[39m
    [31m+           Object {[39m
    [31m+             "data": null,[39m
    [31m+             "id": "implicit-label",[39m
    [31m+             "impact": "critical",[39m
    [31m+             "message": "Element does not have an implicit (wrapped) <label>",[39m
    [31m+             "relatedNodes": Array [],[39m
    [31m+           },[39m
    [31m+           Object {[39m
    [31m+             "data": null,[39m
    [31m+             "id": "explicit-label",[39m
    [31m+             "impact": "critical",[39m
    [31m+             "message": "Element does not have an explicit <label>",[39m
    [31m+             "relatedNodes": Array [],[39m
    [31m+           },[39m
    [31m+           Object {[39m
    [31m+             "data": null,[39m
    [31m+             "id": "aria-label",[39m
    [31m+             "impact": "critical",[39m
    [31m+             "message": "aria-label attribute does not exist or is empty",[39m
    [31m+             "relatedNodes": Array [],[39m
    [31m+           },[39m
    [31m+           Object {[39m
    [31m+             "data": null,[39m
    [31m+             "id": "aria-labelledby",[39m
    [31m+             "impact": "critical",[39m
    [31m+             "message": "aria-labelledby attribute does not exist, references elements that do not exist or references elements that are empty",[39m
    [31m+             "relatedNodes": Array [],[39m
    [31m+           },[39m
    [31m+           Object {[39m
    [31m+             "data": Object {[39m
    [31m+               "messageKey": "noAttr",[39m
    [31m+             },[39m
    [31m+             "id": "non-empty-title",[39m
    [31m+             "impact": "critical",[39m
    [31m+             "message": "Element has no title attribute",[39m
    [31m+             "relatedNodes": Array [],[39m
    [31m+           },[39m
    [31m+           Object {[39m
    [31m+             "data": Object {[39m
    [31m+               "messageKey": "noAttr",[39m
    [31m+             },[39m
    [31m+             "id": "non-empty-placeholder",[39m
    [31m+             "impact": "critical",[39m
    [31m+             "message": "Element has no placeholder attribute",[39m
    [31m+             "relatedNodes": Array [],[39m
    [31m+           },[39m
    [31m+           Object {[39m
    [31m+             "data": null,[39m
    [31m+             "id": "presentational-role",[39m
    [31m+             "impact": "critical",[39m
    [31m+             "message": "Element's default semantics were not overridden with role=\"none\" or role=\"presentation\"",[39m
    [31m+             "relatedNodes": Array [],[39m
    [31m+           },[39m
    [31m+         ],[39m
    [31m+         "failureSummary": "Fix any of the following:[39m
    [31m+   Element does not have an implicit (wrapped) <label>[39m
    [31m+   Element does not have an explicit <label>[39m
    [31m+   aria-label attribute does not exist or is empty[39m
    [31m+   aria-labelledby attribute does not exist, references elements that do not exist or references elements that are empty[39m
    [31m+   Element has no title attribute[39m
    [31m+   Element has no placeholder attribute[39m
    [31m+   Element's default semantics were not overridden with role=\"none\" or role=\"presentation\"",[39m
    [31m+         "html": "<input aria-orientation=\"horizontal\" id=\"base-ui-_r_3_\" max=\"60000\" min=\"5000\" step=\"1000\" type=\"range\" value=\"5000\" aria-valuenow=\"5000\" aria-valuetext=\"5,000 start range\" style=\"clip-path: inset(50%...\">",[39m
    [31m+         "impact": "critical",[39m
    [31m+         "none": Array [],[39m
    [31m+         "target": Array [[39m
    [31m+           "#base-ui-_r_3_",[39m
    [31m+         ],[39m
    [31m+       },[39m
    [31m+       Object {[39m
    [31m+         "all": Array [],[39m
    [31m+         "any": Array [[39m
    [31m+           Object {[39m
    [31m+             "data": null,[39m
    [31m+             "id": "implicit-label",[39m
    [31m+             "impact": "critical",[39m
    [31m+             "message": "Element does not have an implicit (wrapped) <label>",[39m
    [31m+             "relatedNodes": Array [],[39m
    [31m+           },[39m
    [31m+           Object {[39m
    [31m+             "data": null,[39m
    [31m+             "id": "explicit-label",[39m
    [31m+             "impact": "critical",[39m
    [31m+             "message": "Element does not have an explicit <label>",[39m
    [31m+             "relatedNodes": Array [],[39m
    [31m+           },[39m
    [31m+           Object {[39m
    [31m+             "data": null,[39m
    [31m+             "id": "aria-label",[39m
    [31m+             "impact": "critical",[39m
    [31m+             "message": "aria-label attribute does not exist or is empty",[39m
    [31m+             "relatedNodes": Array [],[39m
    [31m+           },[39m
    [31m+           Object {[39m
    [31m+             "data": null,[39m
    [31m+             "id": "aria-labelledby",[39m
    [31m+             "impact": "critical",[39m
    [31m+             "message": "aria-labelledby attribute does not exist, references elements that do not exist or references elements that are empty",[39m
    [31m+             "relatedNodes": Array [],[39m
    [31m+           },[39m
    [31m+           Object {[39m
    [31m+             "data": Object {[39m
    [31m+               "messageKey": "noAttr",[39m
    [31m+             },[39m
    [31m+             "id": "non-empty-title",[39m
    [31m+             "impact": "critical",[39m
    [31m+             "message": "Element has no title attribute",[39m
    [31m+             "relatedNodes": Array [],[39m
    [31m+           },[39m
    [31m+           Object {[39m
    [31m+             "data": Object {[39m
    [31m+               "messageKey": "noAttr",[39m
    [31m+             },[39m
    [31m+             "id": "non-empty-placeholder",[39m
    [31m+             "impact": "critical",[39m
    [31m+             "message": "Element has no placeholder attribute",[39m
    [31m+             "relatedNodes": Array [],[39m
    [31m+           },[39m
    [31m+           Object {[39m
    [31m+             "data": null,[39m
    [31m+             "id": "presentational-role",[39m
    [31m+             "impact": "critical",[39m
    [31m+             "message": "Element's default semantics were not overridden with role=\"none\" or role=\"presentation\"",[39m
    [31m+             "relatedNodes": Array [],[39m
    [31m+           },[39m
    [31m+         ],[39m
    [31m+         "failureSummary": "Fix any of the following:[39m
    [31m+   Element does not have an implicit (wrapped) <label>[39m
    [31m+   Element does not have an explicit <label>[39m
    [31m+   aria-label attribute does not exist or is empty[39m
    [31m+   aria-labelledby attribute does not exist, references elements that do not exist or references elements that are empty[39m
    [31m+   Element has no title attribute[39m
    [31m+   Element has no placeholder attribute[39m
    [31m+   Element's default semantics were not overridden with role=\"none\" or role=\"presentation\"",[39m
    [31m+         "html": "<input aria-orientation=\"horizontal\" id=\"base-ui-_r_6_\" max=\"60000\" min=\"5000\" step=\"1000\" type=\"range\" value=\"60000\" aria-valuenow=\"60000\" aria-valuetext=\"60,000 end range\" style=\"clip-path: inset(50%...\">",[39m
    [31m+         "impact": "critical",[39m
    [31m+         "none": Array [],[39m
    [31m+         "target": Array [[39m
    [31m+           "#base-ui-_r_6_",[39m
    [31m+         ],[39m
    [31m+       },[39m
    [31m+     ],[39m
    [31m+     "tags": Array [[39m
    [31m+       "cat.forms",[39m
    [31m+       "wcag2a",[39m
    [31m+       "wcag412",[39m
    [31m+       "section508",[39m
    [31m+       "section508.22.n",[39m
    [31m+       "TTv5",[39m
    [31m+       "TT5.c",[39m
    [31m+       "EN-301-549",[39m
    [31m+       "EN-9.4.1.2",[39m
    [31m+       "ACT",[39m
    [31m+       "RGAAv4",[39m
    [31m+       "RGAA-11.1.1",[39m
    [31m+     ],[39m
    [31m+   },[39m
    [31m+ ][39m

      49 |         console.error(`\n[a11y] ${p.name} @ ${vp.label} — ${serious.length} serious/critical:\n${summary}`);
      50 |       }
    > 51 |       expect(serious, `serious/critical a11y violations on ${p.name} @ ${vp.label}`).toEqual([]);
         |                                                                                      ^
      52 |     });
      53 |   }
      54 | }
        at /Users/hunor.nagy/Code/schoolgo-app/tests/e2e/parent/a11y.spec.ts:51:86

    attachment #1: screenshot (image/png) ──────────────────────────────────────────────────────────
    test-results/parent-a11y-a11y-search-spec-desktop-chromium/test-failed-1.png
    ────────────────────────────────────────────────────────────────────────────────────────────────

    Error Context: test-results/parent-a11y-a11y-search-spec-desktop-chromium/error-context.md

  12) [chromium] › tests/e2e/parent/a11y.spec.ts:30:9 › a11y dashboard @ mobile ────────────────────

    Error: serious/critical a11y violations on dashboard @ mobile

    [2mexpect([22m[31mreceived[39m[2m).[22mtoEqual[2m([22m[32mexpected[39m[2m) // deep equality[22m

    [32m- Expected  -  1[39m
    [31m+ Received  + 95[39m

    [32m- Array [][39m
    [31m+ Array [[39m
    [31m+   Object {[39m
    [31m+     "description": "Ensure buttons have discernible text",[39m
    [31m+     "help": "Buttons must have discernible text",[39m
    [31m+     "helpUrl": "https://dequeuniversity.com/rules/axe/4.11/button-name?application=playwright",[39m
    [31m+     "id": "button-name",[39m
    [31m+     "impact": "critical",[39m
    [31m+     "nodes": Array [[39m
    [31m+       Object {[39m
    [31m+         "all": Array [],[39m
    [31m+         "any": Array [[39m
    [31m+           Object {[39m
    [31m+             "data": null,[39m
    [31m+             "id": "button-has-visible-text",[39m
    [31m+             "impact": "critical",[39m
    [31m+             "message": "Element does not have inner text that is visible to screen readers",[39m
    [31m+             "relatedNodes": Array [],[39m
    [31m+           },[39m
    [31m+           Object {[39m
    [31m+             "data": null,[39m
    [31m+             "id": "aria-label",[39m
    [31m+             "impact": "critical",[39m
    [31m+             "message": "aria-label attribute does not exist or is empty",[39m
    [31m+             "relatedNodes": Array [],[39m
    [31m+           },[39m
    [31m+           Object {[39m
    [31m+             "data": null,[39m
    [31m+             "id": "aria-labelledby",[39m
    [31m+             "impact": "critical",[39m
    [31m+             "message": "aria-labelledby attribute does not exist, references elements that do not exist or references elements that are empty",[39m
    [31m+             "relatedNodes": Array [],[39m
    [31m+           },[39m
    [31m+           Object {[39m
    [31m+             "data": Object {[39m
    [31m+               "messageKey": "noAttr",[39m
    [31m+             },[39m
    [31m+             "id": "non-empty-title",[39m
    [31m+             "impact": "critical",[39m
    [31m+             "message": "Element has no title attribute",[39m
    [31m+             "relatedNodes": Array [],[39m
    [31m+           },[39m
    [31m+           Object {[39m
    [31m+             "data": null,[39m
    [31m+             "id": "implicit-label",[39m
    [31m+             "impact": "critical",[39m
    [31m+             "message": "Element does not have an implicit (wrapped) <label>",[39m
    [31m+             "relatedNodes": Array [],[39m
    [31m+           },[39m
    [31m+           Object {[39m
    [31m+             "data": null,[39m
    [31m+             "id": "explicit-label",[39m
    [31m+             "impact": "critical",[39m
    [31m+             "message": "Element does not have an explicit <label>",[39m
    [31m+             "relatedNodes": Array [],[39m
    [31m+           },[39m
    [31m+           Object {[39m
    [31m+             "data": null,[39m
    [31m+             "id": "presentational-role",[39m
    [31m+             "impact": "critical",[39m
    [31m+             "message": "Element's default semantics were not overridden with role=\"none\" or role=\"presentation\"",[39m
    [31m+             "relatedNodes": Array [],[39m
    [31m+           },[39m
    [31m+         ],[39m
    [31m+         "failureSummary": "Fix any of the following:[39m
    [31m+   Element does not have inner text that is visible to screen readers[39m
    [31m+   aria-label attribute does not exist or is empty[39m
    [31m+   aria-labelledby attribute does not exist, references elements that do not exist or references elements that are empty[39m
    [31m+   Element has no title attribute[39m
    [31m+   Element does not have an implicit (wrapped) <label>[39m
    [31m+   Element does not have an explicit <label>[39m
    [31m+   Element's default semantics were not overridden with role=\"none\" or role=\"presentation\"",[39m
    [31m+         "html": "<button type=\"button\" class=\"flex w-full items-center gap-3 rounded-xl text-sm font-medium text-foggy transition-colors hover:bg-muted hover:text-ink-900 px-4 py-3\">",[39m
    [31m+         "impact": "critical",[39m
    [31m+         "none": Array [],[39m
    [31m+         "target": Array [[39m
    [31m+           ".w-full",[39m
    [31m+         ],[39m
    [31m+       },[39m
    [31m+     ],[39m
    [31m+     "tags": Array [[39m
    [31m+       "cat.name-role-value",[39m
    [31m+       "wcag2a",[39m
    [31m+       "wcag412",[39m
    [31m+       "section508",[39m
    [31m+       "section508.22.a",[39m
    [31m+       "TTv5",[39m
    [31m+       "TT6.a",[39m
    [31m+       "EN-301-549",[39m
    [31m+       "EN-9.4.1.2",[39m
    [31m+       "ACT",[39m
    [31m+       "RGAAv4",[39m
    [31m+       "RGAA-11.9.1",[39m
    [31m+     ],[39m
    [31m+   },[39m
    [31m+ ][39m

      49 |         console.error(`\n[a11y] ${p.name} @ ${vp.label} — ${serious.length} serious/critical:\n${summary}`);
      50 |       }
    > 51 |       expect(serious, `serious/critical a11y violations on ${p.name} @ ${vp.label}`).toEqual([]);
         |                                                                                      ^
      52 |     });
      53 |   }
      54 | }
        at /Users/hunor.nagy/Code/schoolgo-app/tests/e2e/parent/a11y.spec.ts:51:86

    attachment #1: screenshot (image/png) ──────────────────────────────────────────────────────────
    test-results/parent-a11y-a11y-dashboard-mobile-chromium/test-failed-1.png
    ────────────────────────────────────────────────────────────────────────────────────────────────

    Error Context: test-results/parent-a11y-a11y-dashboard-mobile-chromium/error-context.md

  13) [chromium] › tests/e2e/parent/a11y.spec.ts:30:9 › a11y students @ mobile ─────────────────────

    Error: serious/critical a11y violations on students @ mobile

    [2mexpect([22m[31mreceived[39m[2m).[22mtoEqual[2m([22m[32mexpected[39m[2m) // deep equality[22m

    [32m- Expected  -  1[39m
    [31m+ Received  + 95[39m

    [32m- Array [][39m
    [31m+ Array [[39m
    [31m+   Object {[39m
    [31m+     "description": "Ensure buttons have discernible text",[39m
    [31m+     "help": "Buttons must have discernible text",[39m
    [31m+     "helpUrl": "https://dequeuniversity.com/rules/axe/4.11/button-name?application=playwright",[39m
    [31m+     "id": "button-name",[39m
    [31m+     "impact": "critical",[39m
    [31m+     "nodes": Array [[39m
    [31m+       Object {[39m
    [31m+         "all": Array [],[39m
    [31m+         "any": Array [[39m
    [31m+           Object {[39m
    [31m+             "data": null,[39m
    [31m+             "id": "button-has-visible-text",[39m
    [31m+             "impact": "critical",[39m
    [31m+             "message": "Element does not have inner text that is visible to screen readers",[39m
    [31m+             "relatedNodes": Array [],[39m
    [31m+           },[39m
    [31m+           Object {[39m
    [31m+             "data": null,[39m
    [31m+             "id": "aria-label",[39m
    [31m+             "impact": "critical",[39m
    [31m+             "message": "aria-label attribute does not exist or is empty",[39m
    [31m+             "relatedNodes": Array [],[39m
    [31m+           },[39m
    [31m+           Object {[39m
    [31m+             "data": null,[39m
    [31m+             "id": "aria-labelledby",[39m
    [31m+             "impact": "critical",[39m
    [31m+             "message": "aria-labelledby attribute does not exist, references elements that do not exist or references elements that are empty",[39m
    [31m+             "relatedNodes": Array [],[39m
    [31m+           },[39m
    [31m+           Object {[39m
    [31m+             "data": Object {[39m
    [31m+               "messageKey": "noAttr",[39m
    [31m+             },[39m
    [31m+             "id": "non-empty-title",[39m
    [31m+             "impact": "critical",[39m
    [31m+             "message": "Element has no title attribute",[39m
    [31m+             "relatedNodes": Array [],[39m
    [31m+           },[39m
    [31m+           Object {[39m
    [31m+             "data": null,[39m
    [31m+             "id": "implicit-label",[39m
    [31m+             "impact": "critical",[39m
    [31m+             "message": "Element does not have an implicit (wrapped) <label>",[39m
    [31m+             "relatedNodes": Array [],[39m
    [31m+           },[39m
    [31m+           Object {[39m
    [31m+             "data": null,[39m
    [31m+             "id": "explicit-label",[39m
    [31m+             "impact": "critical",[39m
    [31m+             "message": "Element does not have an explicit <label>",[39m
    [31m+             "relatedNodes": Array [],[39m
    [31m+           },[39m
    [31m+           Object {[39m
    [31m+             "data": null,[39m
    [31m+             "id": "presentational-role",[39m
    [31m+             "impact": "critical",[39m
    [31m+             "message": "Element's default semantics were not overridden with role=\"none\" or role=\"presentation\"",[39m
    [31m+             "relatedNodes": Array [],[39m
    [31m+           },[39m
    [31m+         ],[39m
    [31m+         "failureSummary": "Fix any of the following:[39m
    [31m+   Element does not have inner text that is visible to screen readers[39m
    [31m+   aria-label attribute does not exist or is empty[39m
    [31m+   aria-labelledby attribute does not exist, references elements that do not exist or references elements that are empty[39m
    [31m+   Element has no title attribute[39m
    [31m+   Element does not have an implicit (wrapped) <label>[39m
    [31m+   Element does not have an explicit <label>[39m
    [31m+   Element's default semantics were not overridden with role=\"none\" or role=\"presentation\"",[39m
    [31m+         "html": "<button type=\"button\" class=\"flex w-full items-center gap-3 rounded-xl text-sm font-medium text-foggy transition-colors hover:bg-muted hover:text-ink-900 px-4 py-3\">",[39m
    [31m+         "impact": "critical",[39m
    [31m+         "none": Array [],[39m
    [31m+         "target": Array [[39m
    [31m+           ".py-3.w-full.hover\\:bg-muted",[39m
    [31m+         ],[39m
    [31m+       },[39m
    [31m+     ],[39m
    [31m+     "tags": Array [[39m
    [31m+       "cat.name-role-value",[39m
    [31m+       "wcag2a",[39m
    [31m+       "wcag412",[39m
    [31m+       "section508",[39m
    [31m+       "section508.22.a",[39m
    [31m+       "TTv5",[39m
    [31m+       "TT6.a",[39m
    [31m+       "EN-301-549",[39m
    [31m+       "EN-9.4.1.2",[39m
    [31m+       "ACT",[39m
    [31m+       "RGAAv4",[39m
    [31m+       "RGAA-11.9.1",[39m
    [31m+     ],[39m
    [31m+   },[39m
    [31m+ ][39m

      49 |         console.error(`\n[a11y] ${p.name} @ ${vp.label} — ${serious.length} serious/critical:\n${summary}`);
      50 |       }
    > 51 |       expect(serious, `serious/critical a11y violations on ${p.name} @ ${vp.label}`).toEqual([]);
         |                                                                                      ^
      52 |     });
      53 |   }
      54 | }
        at /Users/hunor.nagy/Code/schoolgo-app/tests/e2e/parent/a11y.spec.ts:51:86

    attachment #1: screenshot (image/png) ──────────────────────────────────────────────────────────
    test-results/parent-a11y-a11y-students-mobile-chromium/test-failed-1.png
    ────────────────────────────────────────────────────────────────────────────────────────────────

    Error Context: test-results/parent-a11y-a11y-students-mobile-chromium/error-context.md

  14) [chromium] › tests/e2e/parent/a11y.spec.ts:30:9 › a11y students-new @ mobile ─────────────────

    Error: serious/critical a11y violations on students-new @ mobile

    [2mexpect([22m[31mreceived[39m[2m).[22mtoEqual[2m([22m[32mexpected[39m[2m) // deep equality[22m

    [32m- Expected  -  1[39m
    [31m+ Received  + 95[39m

    [32m- Array [][39m
    [31m+ Array [[39m
    [31m+   Object {[39m
    [31m+     "description": "Ensure buttons have discernible text",[39m
    [31m+     "help": "Buttons must have discernible text",[39m
    [31m+     "helpUrl": "https://dequeuniversity.com/rules/axe/4.11/button-name?application=playwright",[39m
    [31m+     "id": "button-name",[39m
    [31m+     "impact": "critical",[39m
    [31m+     "nodes": Array [[39m
    [31m+       Object {[39m
    [31m+         "all": Array [],[39m
    [31m+         "any": Array [[39m
    [31m+           Object {[39m
    [31m+             "data": null,[39m
    [31m+             "id": "button-has-visible-text",[39m
    [31m+             "impact": "critical",[39m
    [31m+             "message": "Element does not have inner text that is visible to screen readers",[39m
    [31m+             "relatedNodes": Array [],[39m
    [31m+           },[39m
    [31m+           Object {[39m
    [31m+             "data": null,[39m
    [31m+             "id": "aria-label",[39m
    [31m+             "impact": "critical",[39m
    [31m+             "message": "aria-label attribute does not exist or is empty",[39m
    [31m+             "relatedNodes": Array [],[39m
    [31m+           },[39m
    [31m+           Object {[39m
    [31m+             "data": null,[39m
    [31m+             "id": "aria-labelledby",[39m
    [31m+             "impact": "critical",[39m
    [31m+             "message": "aria-labelledby attribute does not exist, references elements that do not exist or references elements that are empty",[39m
    [31m+             "relatedNodes": Array [],[39m
    [31m+           },[39m
    [31m+           Object {[39m
    [31m+             "data": Object {[39m
    [31m+               "messageKey": "noAttr",[39m
    [31m+             },[39m
    [31m+             "id": "non-empty-title",[39m
    [31m+             "impact": "critical",[39m
    [31m+             "message": "Element has no title attribute",[39m
    [31m+             "relatedNodes": Array [],[39m
    [31m+           },[39m
    [31m+           Object {[39m
    [31m+             "data": null,[39m
    [31m+             "id": "implicit-label",[39m
    [31m+             "impact": "critical",[39m
    [31m+             "message": "Element does not have an implicit (wrapped) <label>",[39m
    [31m+             "relatedNodes": Array [],[39m
    [31m+           },[39m
    [31m+           Object {[39m
    [31m+             "data": null,[39m
    [31m+             "id": "explicit-label",[39m
    [31m+             "impact": "critical",[39m
    [31m+             "message": "Element does not have an explicit <label>",[39m
    [31m+             "relatedNodes": Array [],[39m
    [31m+           },[39m
    [31m+           Object {[39m
    [31m+             "data": null,[39m
    [31m+             "id": "presentational-role",[39m
    [31m+             "impact": "critical",[39m
    [31m+             "message": "Element's default semantics were not overridden with role=\"none\" or role=\"presentation\"",[39m
    [31m+             "relatedNodes": Array [],[39m
    [31m+           },[39m
    [31m+         ],[39m
    [31m+         "failureSummary": "Fix any of the following:[39m
    [31m+   Element does not have inner text that is visible to screen readers[39m
    [31m+   aria-label attribute does not exist or is empty[39m
    [31m+   aria-labelledby attribute does not exist, references elements that do not exist or references elements that are empty[39m
    [31m+   Element has no title attribute[39m
    [31m+   Element does not have an implicit (wrapped) <label>[39m
    [31m+   Element does not have an explicit <label>[39m
    [31m+   Element's default semantics were not overridden with role=\"none\" or role=\"presentation\"",[39m
    [31m+         "html": "<button type=\"button\" class=\"flex w-full items-center gap-3 rounded-xl text-sm font-medium text-foggy transition-colors hover:bg-muted hover:text-ink-900 px-4 py-3\">",[39m
    [31m+         "impact": "critical",[39m
    [31m+         "none": Array [],[39m
    [31m+         "target": Array [[39m
    [31m+           ".hover\\:text-ink-900",[39m
    [31m+         ],[39m
    [31m+       },[39m
    [31m+     ],[39m
    [31m+     "tags": Array [[39m
    [31m+       "cat.name-role-value",[39m
    [31m+       "wcag2a",[39m
    [31m+       "wcag412",[39m
    [31m+       "section508",[39m
    [31m+       "section508.22.a",[39m
    [31m+       "TTv5",[39m
    [31m+       "TT6.a",[39m
    [31m+       "EN-301-549",[39m
    [31m+       "EN-9.4.1.2",[39m
    [31m+       "ACT",[39m
    [31m+       "RGAAv4",[39m
    [31m+       "RGAA-11.9.1",[39m
    [31m+     ],[39m
    [31m+   },[39m
    [31m+ ][39m

      49 |         console.error(`\n[a11y] ${p.name} @ ${vp.label} — ${serious.length} serious/critical:\n${summary}`);
      50 |       }
    > 51 |       expect(serious, `serious/critical a11y violations on ${p.name} @ ${vp.label}`).toEqual([]);
         |                                                                                      ^
      52 |     });
      53 |   }
      54 | }
        at /Users/hunor.nagy/Code/schoolgo-app/tests/e2e/parent/a11y.spec.ts:51:86

    attachment #1: screenshot (image/png) ──────────────────────────────────────────────────────────
    test-results/parent-a11y-a11y-students-new-mobile-chromium/test-failed-1.png
    ────────────────────────────────────────────────────────────────────────────────────────────────

    Error Context: test-results/parent-a11y-a11y-students-new-mobile-chromium/error-context.md

  15) [chromium] › tests/e2e/parent/a11y.spec.ts:30:9 › a11y applications @ mobile ─────────────────

    Error: serious/critical a11y violations on applications @ mobile

    [2mexpect([22m[31mreceived[39m[2m).[22mtoEqual[2m([22m[32mexpected[39m[2m) // deep equality[22m

    [32m- Expected  -  1[39m
    [31m+ Received  + 95[39m

    [32m- Array [][39m
    [31m+ Array [[39m
    [31m+   Object {[39m
    [31m+     "description": "Ensure buttons have discernible text",[39m
    [31m+     "help": "Buttons must have discernible text",[39m
    [31m+     "helpUrl": "https://dequeuniversity.com/rules/axe/4.11/button-name?application=playwright",[39m
    [31m+     "id": "button-name",[39m
    [31m+     "impact": "critical",[39m
    [31m+     "nodes": Array [[39m
    [31m+       Object {[39m
    [31m+         "all": Array [],[39m
    [31m+         "any": Array [[39m
    [31m+           Object {[39m
    [31m+             "data": null,[39m
    [31m+             "id": "button-has-visible-text",[39m
    [31m+             "impact": "critical",[39m
    [31m+             "message": "Element does not have inner text that is visible to screen readers",[39m
    [31m+             "relatedNodes": Array [],[39m
    [31m+           },[39m
    [31m+           Object {[39m
    [31m+             "data": null,[39m
    [31m+             "id": "aria-label",[39m
    [31m+             "impact": "critical",[39m
    [31m+             "message": "aria-label attribute does not exist or is empty",[39m
    [31m+             "relatedNodes": Array [],[39m
    [31m+           },[39m
    [31m+           Object {[39m
    [31m+             "data": null,[39m
    [31m+             "id": "aria-labelledby",[39m
    [31m+             "impact": "critical",[39m
    [31m+             "message": "aria-labelledby attribute does not exist, references elements that do not exist or references elements that are empty",[39m
    [31m+             "relatedNodes": Array [],[39m
    [31m+           },[39m
    [31m+           Object {[39m
    [31m+             "data": Object {[39m
    [31m+               "messageKey": "noAttr",[39m
    [31m+             },[39m
    [31m+             "id": "non-empty-title",[39m
    [31m+             "impact": "critical",[39m
    [31m+             "message": "Element has no title attribute",[39m
    [31m+             "relatedNodes": Array [],[39m
    [31m+           },[39m
    [31m+           Object {[39m
    [31m+             "data": null,[39m
    [31m+             "id": "implicit-label",[39m
    [31m+             "impact": "critical",[39m
    [31m+             "message": "Element does not have an implicit (wrapped) <label>",[39m
    [31m+             "relatedNodes": Array [],[39m
    [31m+           },[39m
    [31m+           Object {[39m
    [31m+             "data": null,[39m
    [31m+             "id": "explicit-label",[39m
    [31m+             "impact": "critical",[39m
    [31m+             "message": "Element does not have an explicit <label>",[39m
    [31m+             "relatedNodes": Array [],[39m
    [31m+           },[39m
    [31m+           Object {[39m
    [31m+             "data": null,[39m
    [31m+             "id": "presentational-role",[39m
    [31m+             "impact": "critical",[39m
    [31m+             "message": "Element's default semantics were not overridden with role=\"none\" or role=\"presentation\"",[39m
    [31m+             "relatedNodes": Array [],[39m
    [31m+           },[39m
    [31m+         ],[39m
    [31m+         "failureSummary": "Fix any of the following:[39m
    [31m+   Element does not have inner text that is visible to screen readers[39m
    [31m+   aria-label attribute does not exist or is empty[39m
    [31m+   aria-labelledby attribute does not exist, references elements that do not exist or references elements that are empty[39m
    [31m+   Element has no title attribute[39m
    [31m+   Element does not have an implicit (wrapped) <label>[39m
    [31m+   Element does not have an explicit <label>[39m
    [31m+   Element's default semantics were not overridden with role=\"none\" or role=\"presentation\"",[39m
    [31m+         "html": "<button type=\"button\" class=\"flex w-full items-center gap-3 rounded-xl text-sm font-medium text-foggy transition-colors hover:bg-muted hover:text-ink-900 px-4 py-3\">",[39m
    [31m+         "impact": "critical",[39m
    [31m+         "none": Array [],[39m
    [31m+         "target": Array [[39m
    [31m+           ".py-3.w-full.hover\\:bg-muted",[39m
    [31m+         ],[39m
    [31m+       },[39m
    [31m+     ],[39m
    [31m+     "tags": Array [[39m
    [31m+       "cat.name-role-value",[39m
    [31m+       "wcag2a",[39m
    [31m+       "wcag412",[39m
    [31m+       "section508",[39m
    [31m+       "section508.22.a",[39m
    [31m+       "TTv5",[39m
    [31m+       "TT6.a",[39m
    [31m+       "EN-301-549",[39m
    [31m+       "EN-9.4.1.2",[39m
    [31m+       "ACT",[39m
    [31m+       "RGAAv4",[39m
    [31m+       "RGAA-11.9.1",[39m
    [31m+     ],[39m
    [31m+   },[39m
    [31m+ ][39m

      49 |         console.error(`\n[a11y] ${p.name} @ ${vp.label} — ${serious.length} serious/critical:\n${summary}`);
      50 |       }
    > 51 |       expect(serious, `serious/critical a11y violations on ${p.name} @ ${vp.label}`).toEqual([]);
         |                                                                                      ^
      52 |     });
      53 |   }
      54 | }
        at /Users/hunor.nagy/Code/schoolgo-app/tests/e2e/parent/a11y.spec.ts:51:86

    attachment #1: screenshot (image/png) ──────────────────────────────────────────────────────────
    test-results/parent-a11y-a11y-applications-mobile-chromium/test-failed-1.png
    ────────────────────────────────────────────────────────────────────────────────────────────────

    Error Context: test-results/parent-a11y-a11y-applications-mobile-chromium/error-context.md

  16) [chromium] › tests/e2e/parent/a11y.spec.ts:30:9 › a11y results @ mobile ──────────────────────

    Error: serious/critical a11y violations on results @ mobile

    [2mexpect([22m[31mreceived[39m[2m).[22mtoEqual[2m([22m[32mexpected[39m[2m) // deep equality[22m

    [32m- Expected  -  1[39m
    [31m+ Received  + 95[39m

    [32m- Array [][39m
    [31m+ Array [[39m
    [31m+   Object {[39m
    [31m+     "description": "Ensure buttons have discernible text",[39m
    [31m+     "help": "Buttons must have discernible text",[39m
    [31m+     "helpUrl": "https://dequeuniversity.com/rules/axe/4.11/button-name?application=playwright",[39m
    [31m+     "id": "button-name",[39m
    [31m+     "impact": "critical",[39m
    [31m+     "nodes": Array [[39m
    [31m+       Object {[39m
    [31m+         "all": Array [],[39m
    [31m+         "any": Array [[39m
    [31m+           Object {[39m
    [31m+             "data": null,[39m
    [31m+             "id": "button-has-visible-text",[39m
    [31m+             "impact": "critical",[39m
    [31m+             "message": "Element does not have inner text that is visible to screen readers",[39m
    [31m+             "relatedNodes": Array [],[39m
    [31m+           },[39m
    [31m+           Object {[39m
    [31m+             "data": null,[39m
    [31m+             "id": "aria-label",[39m
    [31m+             "impact": "critical",[39m
    [31m+             "message": "aria-label attribute does not exist or is empty",[39m
    [31m+             "relatedNodes": Array [],[39m
    [31m+           },[39m
    [31m+           Object {[39m
    [31m+             "data": null,[39m
    [31m+             "id": "aria-labelledby",[39m
    [31m+             "impact": "critical",[39m
    [31m+             "message": "aria-labelledby attribute does not exist, references elements that do not exist or references elements that are empty",[39m
    [31m+             "relatedNodes": Array [],[39m
    [31m+           },[39m
    [31m+           Object {[39m
    [31m+             "data": Object {[39m
    [31m+               "messageKey": "noAttr",[39m
    [31m+             },[39m
    [31m+             "id": "non-empty-title",[39m
    [31m+             "impact": "critical",[39m
    [31m+             "message": "Element has no title attribute",[39m
    [31m+             "relatedNodes": Array [],[39m
    [31m+           },[39m
    [31m+           Object {[39m
    [31m+             "data": null,[39m
    [31m+             "id": "implicit-label",[39m
    [31m+             "impact": "critical",[39m
    [31m+             "message": "Element does not have an implicit (wrapped) <label>",[39m
    [31m+             "relatedNodes": Array [],[39m
    [31m+           },[39m
    [31m+           Object {[39m
    [31m+             "data": null,[39m
    [31m+             "id": "explicit-label",[39m
    [31m+             "impact": "critical",[39m
    [31m+             "message": "Element does not have an explicit <label>",[39m
    [31m+             "relatedNodes": Array [],[39m
    [31m+           },[39m
    [31m+           Object {[39m
    [31m+             "data": null,[39m
    [31m+             "id": "presentational-role",[39m
    [31m+             "impact": "critical",[39m
    [31m+             "message": "Element's default semantics were not overridden with role=\"none\" or role=\"presentation\"",[39m
    [31m+             "relatedNodes": Array [],[39m
    [31m+           },[39m
    [31m+         ],[39m
    [31m+         "failureSummary": "Fix any of the following:[39m
    [31m+   Element does not have inner text that is visible to screen readers[39m
    [31m+   aria-label attribute does not exist or is empty[39m
    [31m+   aria-labelledby attribute does not exist, references elements that do not exist or references elements that are empty[39m
    [31m+   Element has no title attribute[39m
    [31m+   Element does not have an implicit (wrapped) <label>[39m
    [31m+   Element does not have an explicit <label>[39m
    [31m+   Element's default semantics were not overridden with role=\"none\" or role=\"presentation\"",[39m
    [31m+         "html": "<button type=\"button\" class=\"flex w-full items-center gap-3 rounded-xl text-sm font-medium text-foggy transition-colors hover:bg-muted hover:text-ink-900 px-4 py-3\">",[39m
    [31m+         "impact": "critical",[39m
    [31m+         "none": Array [],[39m
    [31m+         "target": Array [[39m
    [31m+           ".hover\\:text-ink-900",[39m
    [31m+         ],[39m
    [31m+       },[39m
    [31m+     ],[39m
    [31m+     "tags": Array [[39m
    [31m+       "cat.name-role-value",[39m
    [31m+       "wcag2a",[39m
    [31m+       "wcag412",[39m
    [31m+       "section508",[39m
    [31m+       "section508.22.a",[39m
    [31m+       "TTv5",[39m
    [31m+       "TT6.a",[39m
    [31m+       "EN-301-549",[39m
    [31m+       "EN-9.4.1.2",[39m
    [31m+       "ACT",[39m
    [31m+       "RGAAv4",[39m
    [31m+       "RGAA-11.9.1",[39m
    [31m+     ],[39m
    [31m+   },[39m
    [31m+ ][39m

      49 |         console.error(`\n[a11y] ${p.name} @ ${vp.label} — ${serious.length} serious/critical:\n${summary}`);
      50 |       }
    > 51 |       expect(serious, `serious/critical a11y violations on ${p.name} @ ${vp.label}`).toEqual([]);
         |                                                                                      ^
      52 |     });
      53 |   }
      54 | }
        at /Users/hunor.nagy/Code/schoolgo-app/tests/e2e/parent/a11y.spec.ts:51:86

    attachment #1: screenshot (image/png) ──────────────────────────────────────────────────────────
    test-results/parent-a11y-a11y-results-mobile-chromium/test-failed-1.png
    ────────────────────────────────────────────────────────────────────────────────────────────────

    Error Context: test-results/parent-a11y-a11y-results-mobile-chromium/error-context.md

  17) [chromium] › tests/e2e/parent/a11y.spec.ts:30:9 › a11y settings @ mobile ─────────────────────

    Error: serious/critical a11y violations on settings @ mobile

    [2mexpect([22m[31mreceived[39m[2m).[22mtoEqual[2m([22m[32mexpected[39m[2m) // deep equality[22m

    [32m- Expected  -   1[39m
    [31m+ Received  + 151[39m

    [32m- Array [][39m
    [31m+ Array [[39m
    [31m+   Object {[39m
    [31m+     "description": "Ensure buttons have discernible text",[39m
    [31m+     "help": "Buttons must have discernible text",[39m
    [31m+     "helpUrl": "https://dequeuniversity.com/rules/axe/4.11/button-name?application=playwright",[39m
    [31m+     "id": "button-name",[39m
    [31m+     "impact": "critical",[39m
    [31m+     "nodes": Array [[39m
    [31m+       Object {[39m
    [31m+         "all": Array [],[39m
    [31m+         "any": Array [[39m
    [31m+           Object {[39m
    [31m+             "data": null,[39m
    [31m+             "id": "button-has-visible-text",[39m
    [31m+             "impact": "critical",[39m
    [31m+             "message": "Element does not have inner text that is visible to screen readers",[39m
    [31m+             "relatedNodes": Array [],[39m
    [31m+           },[39m
    [31m+           Object {[39m
    [31m+             "data": null,[39m
    [31m+             "id": "aria-label",[39m
    [31m+             "impact": "critical",[39m
    [31m+             "message": "aria-label attribute does not exist or is empty",[39m
    [31m+             "relatedNodes": Array [],[39m
    [31m+           },[39m
    [31m+           Object {[39m
    [31m+             "data": null,[39m
    [31m+             "id": "aria-labelledby",[39m
    [31m+             "impact": "critical",[39m
    [31m+             "message": "aria-labelledby attribute does not exist, references elements that do not exist or references elements that are empty",[39m
    [31m+             "relatedNodes": Array [],[39m
    [31m+           },[39m
    [31m+           Object {[39m
    [31m+             "data": Object {[39m
    [31m+               "messageKey": "noAttr",[39m
    [31m+             },[39m
    [31m+             "id": "non-empty-title",[39m
    [31m+             "impact": "critical",[39m
    [31m+             "message": "Element has no title attribute",[39m
    [31m+             "relatedNodes": Array [],[39m
    [31m+           },[39m
    [31m+           Object {[39m
    [31m+             "data": null,[39m
    [31m+             "id": "implicit-label",[39m
    [31m+             "impact": "critical",[39m
    [31m+             "message": "Element does not have an implicit (wrapped) <label>",[39m
    [31m+             "relatedNodes": Array [],[39m
    [31m+           },[39m
    [31m+           Object {[39m
    [31m+             "data": null,[39m
    [31m+             "id": "explicit-label",[39m
    [31m+             "impact": "critical",[39m
    [31m+             "message": "Element does not have an explicit <label>",[39m
    [31m+             "relatedNodes": Array [],[39m
    [31m+           },[39m
    [31m+           Object {[39m
    [31m+             "data": null,[39m
    [31m+             "id": "presentational-role",[39m
    [31m+             "impact": "critical",[39m
    [31m+             "message": "Element's default semantics were not overridden with role=\"none\" or role=\"presentation\"",[39m
    [31m+             "relatedNodes": Array [],[39m
    [31m+           },[39m
    [31m+         ],[39m
    [31m+         "failureSummary": "Fix any of the following:[39m
    [31m+   Element does not have inner text that is visible to screen readers[39m
    [31m+   aria-label attribute does not exist or is empty[39m
    [31m+   aria-labelledby attribute does not exist, references elements that do not exist or references elements that are empty[39m
    [31m+   Element has no title attribute[39m
    [31m+   Element does not have an implicit (wrapped) <label>[39m
    [31m+   Element does not have an explicit <label>[39m
    [31m+   Element's default semantics were not overridden with role=\"none\" or role=\"presentation\"",[39m
    [31m+         "html": "<button type=\"button\" class=\"flex w-full items-center gap-3 rounded-xl text-sm font-medium text-foggy transition-colors hover:bg-muted hover:text-ink-900 px-4 py-3\">",[39m
    [31m+         "impact": "critical",[39m
    [31m+         "none": Array [],[39m
    [31m+         "target": Array [[39m
    [31m+           ".hover\\:text-ink-900",[39m
    [31m+         ],[39m
    [31m+       },[39m
    [31m+     ],[39m
    [31m+     "tags": Array [[39m
    [31m+       "cat.name-role-value",[39m
    [31m+       "wcag2a",[39m
    [31m+       "wcag412",[39m
    [31m+       "section508",[39m
    [31m+       "section508.22.a",[39m
    [31m+       "TTv5",[39m
    [31m+       "TT6.a",[39m
    [31m+       "EN-301-549",[39m
    [31m+       "EN-9.4.1.2",[39m
    [31m+       "ACT",[39m
    [31m+       "RGAAv4",[39m
    [31m+       "RGAA-11.9.1",[39m
    [31m+     ],[39m
    [31m+   },[39m
    [31m+   Object {[39m
    [31m+     "description": "Ensure the contrast between foreground and background colors meets WCAG 2 AA minimum contrast ratio thresholds",[39m
    [31m+     "help": "Elements must meet minimum color contrast ratio thresholds",[39m
    [31m+     "helpUrl": "https://dequeuniversity.com/rules/axe/4.11/color-contrast?application=playwright",[39m
    [31m+     "id": "color-contrast",[39m
    [31m+     "impact": "serious",[39m
    [31m+     "nodes": Array [[39m
    [31m+       Object {[39m
    [31m+         "all": Array [],[39m
    [31m+         "any": Array [[39m
    [31m+           Object {[39m
    [31m+             "data": Object {[39m
    [31m+               "bgColor": "#f6f6f6",[39m
    [31m+               "contrastRatio": 3.32,[39m
    [31m+               "expectedContrastRatio": "4.5:1",[39m
    [31m+               "fgColor": "#878787",[39m
    [31m+               "fontSize": "10.5pt (14px)",[39m
    [31m+               "fontWeight": "normal",[39m
    [31m+               "messageKey": null,[39m
    [31m+             },[39m
    [31m+             "id": "color-contrast",[39m
    [31m+             "impact": "serious",[39m
    [31m+             "message": "Element has insufficient color contrast of 3.32 (foreground color: #878787, background color: #f6f6f6, font size: 10.5pt (14px), font weight: normal). Expected contrast ratio of 4.5:1",[39m
    [31m+             "relatedNodes": Array [[39m
    [31m+               Object {[39m
    [31m+                 "html": "<div data-orientation=\"horizontal\" data-activation-dire...=\"none\" role=\"tablist\" data-slot=\"tabs-list\" data-variant=\"default\" class=\"group/tabs-list inli...\">",[39m
    [31m+                 "target": Array [[39m
    [31m+                   ".group\\/tabs-list",[39m
    [31m+                 ],[39m
    [31m+               },[39m
    [31m+             ],[39m
    [31m+           },[39m
    [31m+         ],[39m
    [31m+         "failureSummary": "Fix any of the following:[39m
    [31m+   Element has insufficient color contrast of 3.32 (foreground color: #878787, background color: #f6f6f6, font size: 10.5pt (14px), font weight: normal). Expected contrast ratio of 4.5:1",[39m
    [31m+         "html": "<button type=\"button\" data-orientation=\"horizontal\" aria-disabled=\"false\" tabindex=\"-1\" role=\"tab\" aria-selected=\"false\" id=\"base-ui-_r_7_\" data-slot=\"tabs-trigger\" class=\"relative inline-flex...\">",[39m
    [31m+         "impact": "serious",[39m
    [31m+         "none": Array [],[39m
    [31m+         "target": Array [[39m
    [31m+           "#base-ui-_r_7_",[39m
    [31m+         ],[39m
    [31m+       },[39m
    [31m+     ],[39m
    [31m+     "tags": Array [[39m
    [31m+       "cat.color",[39m
    [31m+       "wcag2aa",[39m
    [31m+       "wcag143",[39m
    [31m+       "TTv5",[39m
    [31m+       "TT13.c",[39m
    [31m+       "EN-301-549",[39m
    [31m+       "EN-9.1.4.3",[39m
    [31m+       "ACT",[39m
    [31m+       "RGAAv4",[39m
    [31m+       "RGAA-3.2.1",[39m
    [31m+     ],[39m
    [31m+   },[39m
    [31m+ ][39m

      49 |         console.error(`\n[a11y] ${p.name} @ ${vp.label} — ${serious.length} serious/critical:\n${summary}`);
      50 |       }
    > 51 |       expect(serious, `serious/critical a11y violations on ${p.name} @ ${vp.label}`).toEqual([]);
         |                                                                                      ^
      52 |     });
      53 |   }
      54 | }
        at /Users/hunor.nagy/Code/schoolgo-app/tests/e2e/parent/a11y.spec.ts:51:86

    attachment #1: screenshot (image/png) ──────────────────────────────────────────────────────────
    test-results/parent-a11y-a11y-settings-mobile-chromium/test-failed-1.png
    ────────────────────────────────────────────────────────────────────────────────────────────────

    Error Context: test-results/parent-a11y-a11y-settings-mobile-chromium/error-context.md

  18) [chromium] › tests/e2e/parent/a11y.spec.ts:30:9 › a11y notifications @ mobile ────────────────

    Error: serious/critical a11y violations on notifications @ mobile

    [2mexpect([22m[31mreceived[39m[2m).[22mtoEqual[2m([22m[32mexpected[39m[2m) // deep equality[22m

    [32m- Expected  -  1[39m
    [31m+ Received  + 95[39m

    [32m- Array [][39m
    [31m+ Array [[39m
    [31m+   Object {[39m
    [31m+     "description": "Ensure buttons have discernible text",[39m
    [31m+     "help": "Buttons must have discernible text",[39m
    [31m+     "helpUrl": "https://dequeuniversity.com/rules/axe/4.11/button-name?application=playwright",[39m
    [31m+     "id": "button-name",[39m
    [31m+     "impact": "critical",[39m
    [31m+     "nodes": Array [[39m
    [31m+       Object {[39m
    [31m+         "all": Array [],[39m
    [31m+         "any": Array [[39m
    [31m+           Object {[39m
    [31m+             "data": null,[39m
    [31m+             "id": "button-has-visible-text",[39m
    [31m+             "impact": "critical",[39m
    [31m+             "message": "Element does not have inner text that is visible to screen readers",[39m
    [31m+             "relatedNodes": Array [],[39m
    [31m+           },[39m
    [31m+           Object {[39m
    [31m+             "data": null,[39m
    [31m+             "id": "aria-label",[39m
    [31m+             "impact": "critical",[39m
    [31m+             "message": "aria-label attribute does not exist or is empty",[39m
    [31m+             "relatedNodes": Array [],[39m
    [31m+           },[39m
    [31m+           Object {[39m
    [31m+             "data": null,[39m
    [31m+             "id": "aria-labelledby",[39m
    [31m+             "impact": "critical",[39m
    [31m+             "message": "aria-labelledby attribute does not exist, references elements that do not exist or references elements that are empty",[39m
    [31m+             "relatedNodes": Array [],[39m
    [31m+           },[39m
    [31m+           Object {[39m
    [31m+             "data": Object {[39m
    [31m+               "messageKey": "noAttr",[39m
    [31m+             },[39m
    [31m+             "id": "non-empty-title",[39m
    [31m+             "impact": "critical",[39m
    [31m+             "message": "Element has no title attribute",[39m
    [31m+             "relatedNodes": Array [],[39m
    [31m+           },[39m
    [31m+           Object {[39m
    [31m+             "data": null,[39m
    [31m+             "id": "implicit-label",[39m
    [31m+             "impact": "critical",[39m
    [31m+             "message": "Element does not have an implicit (wrapped) <label>",[39m
    [31m+             "relatedNodes": Array [],[39m
    [31m+           },[39m
    [31m+           Object {[39m
    [31m+             "data": null,[39m
    [31m+             "id": "explicit-label",[39m
    [31m+             "impact": "critical",[39m
    [31m+             "message": "Element does not have an explicit <label>",[39m
    [31m+             "relatedNodes": Array [],[39m
    [31m+           },[39m
    [31m+           Object {[39m
    [31m+             "data": null,[39m
    [31m+             "id": "presentational-role",[39m
    [31m+             "impact": "critical",[39m
    [31m+             "message": "Element's default semantics were not overridden with role=\"none\" or role=\"presentation\"",[39m
    [31m+             "relatedNodes": Array [],[39m
    [31m+           },[39m
    [31m+         ],[39m
    [31m+         "failureSummary": "Fix any of the following:[39m
    [31m+   Element does not have inner text that is visible to screen readers[39m
    [31m+   aria-label attribute does not exist or is empty[39m
    [31m+   aria-labelledby attribute does not exist, references elements that do not exist or references elements that are empty[39m
    [31m+   Element has no title attribute[39m
    [31m+   Element does not have an implicit (wrapped) <label>[39m
    [31m+   Element does not have an explicit <label>[39m
    [31m+   Element's default semantics were not overridden with role=\"none\" or role=\"presentation\"",[39m
    [31m+         "html": "<button type=\"button\" class=\"flex w-full items-center gap-3 rounded-xl text-sm font-medium text-foggy transition-colors hover:bg-muted hover:text-ink-900 px-4 py-3\">",[39m
    [31m+         "impact": "critical",[39m
    [31m+         "none": Array [],[39m
    [31m+         "target": Array [[39m
    [31m+           ".w-full",[39m
    [31m+         ],[39m
    [31m+       },[39m
    [31m+     ],[39m
    [31m+     "tags": Array [[39m
    [31m+       "cat.name-role-value",[39m
    [31m+       "wcag2a",[39m
    [31m+       "wcag412",[39m
    [31m+       "section508",[39m
    [31m+       "section508.22.a",[39m
    [31m+       "TTv5",[39m
    [31m+       "TT6.a",[39m
    [31m+       "EN-301-549",[39m
    [31m+       "EN-9.4.1.2",[39m
    [31m+       "ACT",[39m
    [31m+       "RGAAv4",[39m
    [31m+       "RGAA-11.9.1",[39m
    [31m+     ],[39m
    [31m+   },[39m
    [31m+ ][39m

      49 |         console.error(`\n[a11y] ${p.name} @ ${vp.label} — ${serious.length} serious/critical:\n${summary}`);
      50 |       }
    > 51 |       expect(serious, `serious/critical a11y violations on ${p.name} @ ${vp.label}`).toEqual([]);
         |                                                                                      ^
      52 |     });
      53 |   }
      54 | }
        at /Users/hunor.nagy/Code/schoolgo-app/tests/e2e/parent/a11y.spec.ts:51:86

    attachment #1: screenshot (image/png) ──────────────────────────────────────────────────────────
    test-results/parent-a11y-a11y-notifications-mobile-chromium/test-failed-1.png
    ────────────────────────────────────────────────────────────────────────────────────────────────

    Error Context: test-results/parent-a11y-a11y-notifications-mobile-chromium/error-context.md

  19) [chromium] › tests/e2e/parent/a11y.spec.ts:30:9 › a11y saved-schools @ mobile ────────────────

    Error: serious/critical a11y violations on saved-schools @ mobile

    [2mexpect([22m[31mreceived[39m[2m).[22mtoEqual[2m([22m[32mexpected[39m[2m) // deep equality[22m

    [32m- Expected  -  1[39m
    [31m+ Received  + 95[39m

    [32m- Array [][39m
    [31m+ Array [[39m
    [31m+   Object {[39m
    [31m+     "description": "Ensure buttons have discernible text",[39m
    [31m+     "help": "Buttons must have discernible text",[39m
    [31m+     "helpUrl": "https://dequeuniversity.com/rules/axe/4.11/button-name?application=playwright",[39m
    [31m+     "id": "button-name",[39m
    [31m+     "impact": "critical",[39m
    [31m+     "nodes": Array [[39m
    [31m+       Object {[39m
    [31m+         "all": Array [],[39m
    [31m+         "any": Array [[39m
    [31m+           Object {[39m
    [31m+             "data": null,[39m
    [31m+             "id": "button-has-visible-text",[39m
    [31m+             "impact": "critical",[39m
    [31m+             "message": "Element does not have inner text that is visible to screen readers",[39m
    [31m+             "relatedNodes": Array [],[39m
    [31m+           },[39m
    [31m+           Object {[39m
    [31m+             "data": null,[39m
    [31m+             "id": "aria-label",[39m
    [31m+             "impact": "critical",[39m
    [31m+             "message": "aria-label attribute does not exist or is empty",[39m
    [31m+             "relatedNodes": Array [],[39m
    [31m+           },[39m
    [31m+           Object {[39m
    [31m+             "data": null,[39m
    [31m+             "id": "aria-labelledby",[39m
    [31m+             "impact": "critical",[39m
    [31m+             "message": "aria-labelledby attribute does not exist, references elements that do not exist or references elements that are empty",[39m
    [31m+             "relatedNodes": Array [],[39m
    [31m+           },[39m
    [31m+           Object {[39m
    [31m+             "data": Object {[39m
    [31m+               "messageKey": "noAttr",[39m
    [31m+             },[39m
    [31m+             "id": "non-empty-title",[39m
    [31m+             "impact": "critical",[39m
    [31m+             "message": "Element has no title attribute",[39m
    [31m+             "relatedNodes": Array [],[39m
    [31m+           },[39m
    [31m+           Object {[39m
    [31m+             "data": null,[39m
    [31m+             "id": "implicit-label",[39m
    [31m+             "impact": "critical",[39m
    [31m+             "message": "Element does not have an implicit (wrapped) <label>",[39m
    [31m+             "relatedNodes": Array [],[39m
    [31m+           },[39m
    [31m+           Object {[39m
    [31m+             "data": null,[39m
    [31m+             "id": "explicit-label",[39m
    [31m+             "impact": "critical",[39m
    [31m+             "message": "Element does not have an explicit <label>",[39m
    [31m+             "relatedNodes": Array [],[39m
    [31m+           },[39m
    [31m+           Object {[39m
    [31m+             "data": null,[39m
    [31m+             "id": "presentational-role",[39m
    [31m+             "impact": "critical",[39m
    [31m+             "message": "Element's default semantics were not overridden with role=\"none\" or role=\"presentation\"",[39m
    [31m+             "relatedNodes": Array [],[39m
    [31m+           },[39m
    [31m+         ],[39m
    [31m+         "failureSummary": "Fix any of the following:[39m
    [31m+   Element does not have inner text that is visible to screen readers[39m
    [31m+   aria-label attribute does not exist or is empty[39m
    [31m+   aria-labelledby attribute does not exist, references elements that do not exist or references elements that are empty[39m
    [31m+   Element has no title attribute[39m
    [31m+   Element does not have an implicit (wrapped) <label>[39m
    [31m+   Element does not have an explicit <label>[39m
    [31m+   Element's default semantics were not overridden with role=\"none\" or role=\"presentation\"",[39m
    [31m+         "html": "<button type=\"button\" class=\"flex w-full items-center gap-3 rounded-xl text-sm font-medium text-foggy transition-colors hover:bg-muted hover:text-ink-900 px-4 py-3\">",[39m
    [31m+         "impact": "critical",[39m
    [31m+         "none": Array [],[39m
    [31m+         "target": Array [[39m
    [31m+           ".w-full",[39m
    [31m+         ],[39m
    [31m+       },[39m
    [31m+     ],[39m
    [31m+     "tags": Array [[39m
    [31m+       "cat.name-role-value",[39m
    [31m+       "wcag2a",[39m
    [31m+       "wcag412",[39m
    [31m+       "section508",[39m
    [31m+       "section508.22.a",[39m
    [31m+       "TTv5",[39m
    [31m+       "TT6.a",[39m
    [31m+       "EN-301-549",[39m
    [31m+       "EN-9.4.1.2",[39m
    [31m+       "ACT",[39m
    [31m+       "RGAAv4",[39m
    [31m+       "RGAA-11.9.1",[39m
    [31m+     ],[39m
    [31m+   },[39m
    [31m+ ][39m

      49 |         console.error(`\n[a11y] ${p.name} @ ${vp.label} — ${serious.length} serious/critical:\n${summary}`);
      50 |       }
    > 51 |       expect(serious, `serious/critical a11y violations on ${p.name} @ ${vp.label}`).toEqual([]);
         |                                                                                      ^
      52 |     });
      53 |   }
      54 | }
        at /Users/hunor.nagy/Code/schoolgo-app/tests/e2e/parent/a11y.spec.ts:51:86

    attachment #1: screenshot (image/png) ──────────────────────────────────────────────────────────
    test-results/parent-a11y-a11y-saved-schools-mobile-chromium/test-failed-1.png
    ────────────────────────────────────────────────────────────────────────────────────────────────

    Error Context: test-results/parent-a11y-a11y-saved-schools-mobile-chromium/error-context.md

  20) [chromium] › tests/e2e/parent/a11y.spec.ts:30:9 › a11y saved-searches @ mobile ───────────────

    Error: serious/critical a11y violations on saved-searches @ mobile

    [2mexpect([22m[31mreceived[39m[2m).[22mtoEqual[2m([22m[32mexpected[39m[2m) // deep equality[22m

    [32m- Expected  -  1[39m
    [31m+ Received  + 95[39m

    [32m- Array [][39m
    [31m+ Array [[39m
    [31m+   Object {[39m
    [31m+     "description": "Ensure buttons have discernible text",[39m
    [31m+     "help": "Buttons must have discernible text",[39m
    [31m+     "helpUrl": "https://dequeuniversity.com/rules/axe/4.11/button-name?application=playwright",[39m
    [31m+     "id": "button-name",[39m
    [31m+     "impact": "critical",[39m
    [31m+     "nodes": Array [[39m
    [31m+       Object {[39m
    [31m+         "all": Array [],[39m
    [31m+         "any": Array [[39m
    [31m+           Object {[39m
    [31m+             "data": null,[39m
    [31m+             "id": "button-has-visible-text",[39m
    [31m+             "impact": "critical",[39m
    [31m+             "message": "Element does not have inner text that is visible to screen readers",[39m
    [31m+             "relatedNodes": Array [],[39m
    [31m+           },[39m
    [31m+           Object {[39m
    [31m+             "data": null,[39m
    [31m+             "id": "aria-label",[39m
    [31m+             "impact": "critical",[39m
    [31m+             "message": "aria-label attribute does not exist or is empty",[39m
    [31m+             "relatedNodes": Array [],[39m
    [31m+           },[39m
    [31m+           Object {[39m
    [31m+             "data": null,[39m
    [31m+             "id": "aria-labelledby",[39m
    [31m+             "impact": "critical",[39m
    [31m+             "message": "aria-labelledby attribute does not exist, references elements that do not exist or references elements that are empty",[39m
    [31m+             "relatedNodes": Array [],[39m
    [31m+           },[39m
    [31m+           Object {[39m
    [31m+             "data": Object {[39m
    [31m+               "messageKey": "noAttr",[39m
    [31m+             },[39m
    [31m+             "id": "non-empty-title",[39m
    [31m+             "impact": "critical",[39m
    [31m+             "message": "Element has no title attribute",[39m
    [31m+             "relatedNodes": Array [],[39m
    [31m+           },[39m
    [31m+           Object {[39m
    [31m+             "data": null,[39m
    [31m+             "id": "implicit-label",[39m
    [31m+             "impact": "critical",[39m
    [31m+             "message": "Element does not have an implicit (wrapped) <label>",[39m
    [31m+             "relatedNodes": Array [],[39m
    [31m+           },[39m
    [31m+           Object {[39m
    [31m+             "data": null,[39m
    [31m+             "id": "explicit-label",[39m
    [31m+             "impact": "critical",[39m
    [31m+             "message": "Element does not have an explicit <label>",[39m
    [31m+             "relatedNodes": Array [],[39m
    [31m+           },[39m
    [31m+           Object {[39m
    [31m+             "data": null,[39m
    [31m+             "id": "presentational-role",[39m
    [31m+             "impact": "critical",[39m
    [31m+             "message": "Element's default semantics were not overridden with role=\"none\" or role=\"presentation\"",[39m
    [31m+             "relatedNodes": Array [],[39m
    [31m+           },[39m
    [31m+         ],[39m
    [31m+         "failureSummary": "Fix any of the following:[39m
    [31m+   Element does not have inner text that is visible to screen readers[39m
    [31m+   aria-label attribute does not exist or is empty[39m
    [31m+   aria-labelledby attribute does not exist, references elements that do not exist or references elements that are empty[39m
    [31m+   Element has no title attribute[39m
    [31m+   Element does not have an implicit (wrapped) <label>[39m
    [31m+   Element does not have an explicit <label>[39m
    [31m+   Element's default semantics were not overridden with role=\"none\" or role=\"presentation\"",[39m
    [31m+         "html": "<button type=\"button\" class=\"flex w-full items-center gap-3 rounded-xl text-sm font-medium text-foggy transition-colors hover:bg-muted hover:text-ink-900 px-4 py-3\">",[39m
    [31m+         "impact": "critical",[39m
    [31m+         "none": Array [],[39m
    [31m+         "target": Array [[39m
    [31m+           ".w-full",[39m
    [31m+         ],[39m
    [31m+       },[39m
    [31m+     ],[39m
    [31m+     "tags": Array [[39m
    [31m+       "cat.name-role-value",[39m
    [31m+       "wcag2a",[39m
    [31m+       "wcag412",[39m
    [31m+       "section508",[39m
    [31m+       "section508.22.a",[39m
    [31m+       "TTv5",[39m
    [31m+       "TT6.a",[39m
    [31m+       "EN-301-549",[39m
    [31m+       "EN-9.4.1.2",[39m
    [31m+       "ACT",[39m
    [31m+       "RGAAv4",[39m
    [31m+       "RGAA-11.9.1",[39m
    [31m+     ],[39m
    [31m+   },[39m
    [31m+ ][39m

      49 |         console.error(`\n[a11y] ${p.name} @ ${vp.label} — ${serious.length} serious/critical:\n${summary}`);
      50 |       }
    > 51 |       expect(serious, `serious/critical a11y violations on ${p.name} @ ${vp.label}`).toEqual([]);
         |                                                                                      ^
      52 |     });
      53 |   }
      54 | }
        at /Users/hunor.nagy/Code/schoolgo-app/tests/e2e/parent/a11y.spec.ts:51:86

    attachment #1: screenshot (image/png) ──────────────────────────────────────────────────────────
    test-results/parent-a11y-a11y-saved-searches-mobile-chromium/test-failed-1.png
    ────────────────────────────────────────────────────────────────────────────────────────────────

    Error Context: test-results/parent-a11y-a11y-saved-searches-mobile-chromium/error-context.md

  21) [chromium] › tests/e2e/parent/a11y.spec.ts:30:9 › a11y payments @ mobile ─────────────────────

    Error: serious/critical a11y violations on payments @ mobile

    [2mexpect([22m[31mreceived[39m[2m).[22mtoEqual[2m([22m[32mexpected[39m[2m) // deep equality[22m

    [32m- Expected  -   1[39m
    [31m+ Received  + 145[39m

    [32m- Array [][39m
    [31m+ Array [[39m
    [31m+   Object {[39m
    [31m+     "description": "Ensure buttons have discernible text",[39m
    [31m+     "help": "Buttons must have discernible text",[39m
    [31m+     "helpUrl": "https://dequeuniversity.com/rules/axe/4.11/button-name?application=playwright",[39m
    [31m+     "id": "button-name",[39m
    [31m+     "impact": "critical",[39m
    [31m+     "nodes": Array [[39m
    [31m+       Object {[39m
    [31m+         "all": Array [],[39m
    [31m+         "any": Array [[39m
    [31m+           Object {[39m
    [31m+             "data": null,[39m
    [31m+             "id": "button-has-visible-text",[39m
    [31m+             "impact": "critical",[39m
    [31m+             "message": "Element does not have inner text that is visible to screen readers",[39m
    [31m+             "relatedNodes": Array [],[39m
    [31m+           },[39m
    [31m+           Object {[39m
    [31m+             "data": null,[39m
    [31m+             "id": "aria-label",[39m
    [31m+             "impact": "critical",[39m
    [31m+             "message": "aria-label attribute does not exist or is empty",[39m
    [31m+             "relatedNodes": Array [],[39m
    [31m+           },[39m
    [31m+           Object {[39m
    [31m+             "data": null,[39m
    [31m+             "id": "aria-labelledby",[39m
    [31m+             "impact": "critical",[39m
    [31m+             "message": "aria-labelledby attribute does not exist, references elements that do not exist or references elements that are empty",[39m
    [31m+             "relatedNodes": Array [],[39m
    [31m+           },[39m
    [31m+           Object {[39m
    [31m+             "data": Object {[39m
    [31m+               "messageKey": "noAttr",[39m
    [31m+             },[39m
    [31m+             "id": "non-empty-title",[39m
    [31m+             "impact": "critical",[39m
    [31m+             "message": "Element has no title attribute",[39m
    [31m+             "relatedNodes": Array [],[39m
    [31m+           },[39m
    [31m+           Object {[39m
    [31m+             "data": null,[39m
    [31m+             "id": "implicit-label",[39m
    [31m+             "impact": "critical",[39m
    [31m+             "message": "Element does not have an implicit (wrapped) <label>",[39m
    [31m+             "relatedNodes": Array [],[39m
    [31m+           },[39m
    [31m+           Object {[39m
    [31m+             "data": null,[39m
    [31m+             "id": "explicit-label",[39m
    [31m+             "impact": "critical",[39m
    [31m+             "message": "Element does not have an explicit <label>",[39m
    [31m+             "relatedNodes": Array [],[39m
    [31m+           },[39m
    [31m+           Object {[39m
    [31m+             "data": null,[39m
    [31m+             "id": "presentational-role",[39m
    [31m+             "impact": "critical",[39m
    [31m+             "message": "Element's default semantics were not overridden with role=\"none\" or role=\"presentation\"",[39m
    [31m+             "relatedNodes": Array [],[39m
    [31m+           },[39m
    [31m+         ],[39m
    [31m+         "failureSummary": "Fix any of the following:[39m
    [31m+   Element does not have inner text that is visible to screen readers[39m
    [31m+   aria-label attribute does not exist or is empty[39m
    [31m+   aria-labelledby attribute does not exist, references elements that do not exist or references elements that are empty[39m
    [31m+   Element has no title attribute[39m
    [31m+   Element does not have an implicit (wrapped) <label>[39m
    [31m+   Element does not have an explicit <label>[39m
    [31m+   Element's default semantics were not overridden with role=\"none\" or role=\"presentation\"",[39m
    [31m+         "html": "<button type=\"button\" class=\"flex w-full items-center gap-3 rounded-xl text-sm font-medium text-foggy transition-colors hover:bg-muted hover:text-ink-900 px-4 py-3\">",[39m
    [31m+         "impact": "critical",[39m
    [31m+         "none": Array [],[39m
    [31m+         "target": Array [[39m
    [31m+           ".w-full",[39m
    [31m+         ],[39m
    [31m+       },[39m
    [31m+     ],[39m
    [31m+     "tags": Array [[39m
    [31m+       "cat.name-role-value",[39m
    [31m+       "wcag2a",[39m
    [31m+       "wcag412",[39m
    [31m+       "section508",[39m
    [31m+       "section508.22.a",[39m
    [31m+       "TTv5",[39m
    [31m+       "TT6.a",[39m
    [31m+       "EN-301-549",[39m
    [31m+       "EN-9.4.1.2",[39m
    [31m+       "ACT",[39m
    [31m+       "RGAAv4",[39m
    [31m+       "RGAA-11.9.1",[39m
    [31m+     ],[39m
    [31m+   },[39m
    [31m+   Object {[39m
    [31m+     "description": "Ensure elements that have scrollable content are accessible by keyboard in Safari",[39m
    [31m+     "help": "Scrollable region must have keyboard access",[39m
    [31m+     "helpUrl": "https://dequeuniversity.com/rules/axe/4.11/scrollable-region-focusable?application=playwright",[39m
    [31m+     "id": "scrollable-region-focusable",[39m
    [31m+     "impact": "serious",[39m
    [31m+     "nodes": Array [[39m
    [31m+       Object {[39m
    [31m+         "all": Array [],[39m
    [31m+         "any": Array [[39m
    [31m+           Object {[39m
    [31m+             "data": null,[39m
    [31m+             "id": "focusable-content",[39m
    [31m+             "impact": "serious",[39m
    [31m+             "message": "Element should have focusable content",[39m
    [31m+             "relatedNodes": Array [],[39m
    [31m+           },[39m
    [31m+           Object {[39m
    [31m+             "data": null,[39m
    [31m+             "id": "focusable-element",[39m
    [31m+             "impact": "serious",[39m
    [31m+             "message": "Element should be focusable",[39m
    [31m+             "relatedNodes": Array [],[39m
    [31m+           },[39m
    [31m+         ],[39m
    [31m+         "failureSummary": "Fix any of the following:[39m
    [31m+   Element should have focusable content[39m
    [31m+   Element should be focusable",[39m
    [31m+         "html": "<main class=\"relative flex-1 overflow-y-auto bg-muted\">",[39m
    [31m+         "impact": "serious",[39m
    [31m+         "none": Array [],[39m
    [31m+         "target": Array [[39m
    [31m+           "main",[39m
    [31m+         ],[39m
    [31m+       },[39m
    [31m+     ],[39m
    [31m+     "tags": Array [[39m
    [31m+       "cat.keyboard",[39m
    [31m+       "wcag2a",[39m
    [31m+       "wcag211",[39m
    [31m+       "wcag213",[39m
    [31m+       "TTv5",[39m
    [31m+       "TT4.a",[39m
    [31m+       "EN-301-549",[39m
    [31m+       "EN-9.2.1.1",[39m
    [31m+       "EN-9.2.1.3",[39m
    [31m+       "RGAAv4",[39m
    [31m+       "RGAA-7.3.2",[39m
    [31m+     ],[39m
    [31m+   },[39m
    [31m+ ][39m

      49 |         console.error(`\n[a11y] ${p.name} @ ${vp.label} — ${serious.length} serious/critical:\n${summary}`);
      50 |       }
    > 51 |       expect(serious, `serious/critical a11y violations on ${p.name} @ ${vp.label}`).toEqual([]);
         |                                                                                      ^
      52 |     });
      53 |   }
      54 | }
        at /Users/hunor.nagy/Code/schoolgo-app/tests/e2e/parent/a11y.spec.ts:51:86

    attachment #1: screenshot (image/png) ──────────────────────────────────────────────────────────
    test-results/parent-a11y-a11y-payments-mobile-chromium/test-failed-1.png
    ────────────────────────────────────────────────────────────────────────────────────────────────

    Error Context: test-results/parent-a11y-a11y-payments-mobile-chromium/error-context.md

  22) [chromium] › tests/e2e/parent/pages-render.spec.ts:176:5 › payments: coming-soon content renders without crash or console error 

    Error: Unexpected browser errors on http://localhost:3000/en/parent/payments:
      [console.error] IntlError: MISSING_MESSAGE: Could not resolve `Dashboard.collapseSidebar` in messages for locale `en`.
        at getFallbackFromErrorAndNotify (http://localhost:3000/_next/static/chunks/node_modules__pnpm_0881l22._.js:3595:23)
        at translateBaseFn (http://localhost:3000/_next/static/chunks/node_modules__pnpm_0881l22._.js:3625:28)
        at translateFn (http://localhost:3000/_next/static/chunks/node_modules__pnpm_0881l22._.js:3653:24)
        at DashboardSidebar (http://localhost:3000/_next/static/chunks/src_0lpmp~y._.js:632:35)
        at Object.react_stack_bottom_frame (http://localhost:3000/_next/static/chunks/0g4t_next_dist_compiled_react-dom_1342o9u._.js:15037:24)
        at renderWithHooks (http://localhost:3000/_next/static/chunks/0g4t_next_dist_compiled_react-dom_1342o9u._.js:4620:24)
        at updateFunctionComponent (http://localhost:3000/_next/static/chunks/0g4t_next_dist_compiled_react-dom_1342o9u._.js:6081:21)
        at beginWork (http://localhost:3000/_next/static/chunks/0g4t_next_dist_compiled_react-dom_1342o9u._.js:6665:639)
        at runWithFiberInDEV (http://localhost:3000/_next/static/chunks/0g4t_next_dist_compiled_react-dom_1342o9u._.js:965:74)
        at performUnitOfWork (http://localhost:3000/_next/static/chunks/0g4t_next_dist_compiled_react-dom_1342o9u._.js:9555:97)
        at workLoopSync (http://localhost:3000/_next/static/chunks/0g4t_next_dist_compiled_react-dom_1342o9u._.js:9449:40)
        at renderRootSync (http://localhost:3000/_next/static/chunks/0g4t_next_dist_compiled_react-dom_1342o9u._.js:9433:13)
        at performWorkOnRoot (http://localhost:3000/_next/static/chunks/0g4t_next_dist_compiled_react-dom_1342o9u._.js:9061:186)
        at performSyncWorkOnRoot (http://localhost:3000/_next/static/chunks/0g4t_next_dist_compiled_react-dom_1342o9u._.js:10263:9)
        at flushSyncWorkAcrossRoots_impl (http://localhost:3000/_next/static/chunks/0g4t_next_dist_compiled_react-dom_1342o9u._.js:10179:316)
        at processRootScheduleInMicrotask (http://localhost:3000/_next/static/chunks/0g4t_next_dist_compiled_react-dom_1342o9u._.js:10200:106)
        at http://localhost:3000/_next/static/chunks/0g4t_next_dist_compiled_react-dom_1342o9u._.js:10274:158
      [console.error] IntlError: MISSING_MESSAGE: Could not resolve `Dashboard.collapseSidebar` in messages for locale `en`.
        at getFallbackFromErrorAndNotify (http://localhost:3000/_next/static/chunks/node_modules__pnpm_0881l22._.js:3595:23)
        at translateBaseFn (http://localhost:3000/_next/static/chunks/node_modules__pnpm_0881l22._.js:3625:28)
        at translateFn (http://localhost:3000/_next/static/chunks/node_modules__pnpm_0881l22._.js:3653:24)
        at DashboardSidebar (http://localhost:3000/_next/static/chunks/src_0lpmp~y._.js:632:35)
        at Object.react_stack_bottom_frame (http://localhost:3000/_next/static/chunks/0g4t_next_dist_compiled_react-dom_1342o9u._.js:15037:24)
        at renderWithHooksAgain (http://localhost:3000/_next/static/chunks/0g4t_next_dist_compiled_react-dom_1342o9u._.js:4675:24)
        at renderWithHooks (http://localhost:3000/_next/static/chunks/0g4t_next_dist_compiled_react-dom_1342o9u._.js:4626:28)
        at updateFunctionComponent (http://localhost:3000/_next/static/chunks/0g4t_next_dist_compiled_react-dom_1342o9u._.js:6081:21)
        at beginWork (http://localhost:3000/_next/static/chunks/0g4t_next_dist_compiled_react-dom_1342o9u._.js:6665:639)
        at runWithFiberInDEV (http://localhost:3000/_next/static/chunks/0g4t_next_dist_compiled_react-dom_1342o9u._.js:965:74)
        at performUnitOfWork (http://localhost:3000/_next/static/chunks/0g4t_next_dist_compiled_react-dom_1342o9u._.js:9555:97)
        at workLoopSync (http://localhost:3000/_next/static/chunks/0g4t_next_dist_compiled_react-dom_1342o9u._.js:9449:40)
        at renderRootSync (http://localhost:3000/_next/static/chunks/0g4t_next_dist_compiled_react-dom_1342o9u._.js:9433:13)
        at performWorkOnRoot (http://localhost:3000/_next/static/chunks/0g4t_next_dist_compiled_react-dom_1342o9u._.js:9061:186)
        at performSyncWorkOnRoot (http://localhost:3000/_next/static/chunks/0g4t_next_dist_compiled_react-dom_1342o9u._.js:10263:9)
        at flushSyncWorkAcrossRoots_impl (http://localhost:3000/_next/static/chunks/0g4t_next_dist_compiled_react-dom_1342o9u._.js:10179:316)
        at processRootScheduleInMicrotask (http://localhost:3000/_next/static/chunks/0g4t_next_dist_compiled_react-dom_1342o9u._.js:10200:106)
        at http://localhost:3000/_next/static/chunks/0g4t_next_dist_compiled_react-dom_1342o9u._.js:10274:158
        at getFallbackFromErrorAndNotify (http://localhost:3000/_next/static/chunks/node_modules__pnpm_0881l22._.js:3595:23)
        at translateBaseFn (http://localhost:3000/_next/static/chunks/node_modules__pnpm_0881l22._.js:3625:28)
        at translateFn (http://localhost:3000/_next/static/chunks/node_modules__pnpm_0881l22._.js:3653:24)
        at DashboardSidebar (http://localhost:3000/_next/static/chunks/src_0lpmp~y._.js:632:35)
        at Object.react_stack_bottom_frame (http://localhost:3000/_next/static/chunks/0g4t_next_dist_compiled_react-dom_1342o9u._.js:15037:24)
        at renderWithHooks (http://localhost:3000/_next/static/chunks/0g4t_next_dist_compiled_react-dom_1342o9u._.js:4620:24)
        at updateFunctionComponent (http://localhost:3000/_next/static/chunks/0g4t_next_dist_compiled_react-dom_1342o9u._.js:6081:21)
        at beginWork (http://localhost:3000/_next/static/chunks/0g4t_next_dist_compiled_react-dom_1342o9u._.js:6665:639)
        at runWithFiberInDEV (http://localhost:3000/_next/static/chunks/0g4t_next_dist_compiled_react-dom_1342o9u._.js:965:74)
        at performUnitOfWork (http://localhost:3000/_next/static/chunks/0g4t_next_dist_compiled_react-dom_1342o9u._.js:9555:97)
        at workLoopSync (http://localhost:3000/_next/static/chunks/0g4t_next_dist_compiled_react-dom_1342o9u._.js:9449:40)
        at renderRootSync (http://localhost:3000/_next/static/chunks/0g4t_next_dist_compiled_react-dom_1342o9u._.js:9433:13)
        at performWorkOnRoot (http://localhost:3000/_next/static/chunks/0g4t_next_dist_compiled_react-dom_1342o9u._.js:9061:186)
        at performSyncWorkOnRoot (http://localhost:3000/_next/static/chunks/0g4t_next_dist_compiled_react-dom_1342o9u._.js:10263:9)
        at flushSyncWorkAcrossRoots_impl (http://localhost:3000/_next/static/chunks/0g4t_next_dist_compiled_react-dom_1342o9u._.js:10179:316)
        at processRootScheduleInMicrotask (http://localhost:3000/_next/static/chunks/0g4t_next_dist_compiled_react-dom_1342o9u._.js:10200:106)
        at http://localhost:3000/_next/static/chunks/0g4t_next_dist_compiled_react-dom_1342o9u._.js:10274:158
        at getFallbackFromErrorAndNotify (http://localhost:3000/_next/static/chunks/node_modules__pnpm_0881l22._.js:3595:23)
        at translateBaseFn (http://localhost:3000/_next/static/chunks/node_modules__pnpm_0881l22._.js:3625:28)
        at translateFn (http://localhost:3000/_next/static/chunks/node_modules__pnpm_0881l22._.js:3653:24)
        at DashboardSidebar (http://localhost:3000/_next/static/chunks/src_0lpmp~y._.js:632:35)
        at Object.react_stack_bottom_frame (http://localhost:3000/_next/static/chunks/0g4t_next_dist_compiled_react-dom_1342o9u._.js:15037:24)
        at renderWithHooksAgain (http://localhost:3000/_next/static/chunks/0g4t_next_dist_compiled_react-dom_1342o9u._.js:4675:24)
        at renderWithHooks (http://localhost:3000/_next/static/chunks/0g4t_next_dist_compiled_react-dom_1342o9u._.js:4626:28)
        at updateFunctionComponent (http://localhost:3000/_next/static/chunks/0g4t_next_dist_compiled_react-dom_1342o9u._.js:6081:21)
        at beginWork (http://localhost:3000/_next/static/chunks/0g4t_next_dist_compiled_react-dom_1342o9u._.js:6665:639)
        at runWithFiberInDEV (http://localhost:3000/_next/static/chunks/0g4t_next_dist_compiled_react-dom_1342o9u._.js:965:74)
        at performUnitOfWork (http://localhost:3000/_next/static/chunks/0g4t_next_dist_compiled_react-dom_1342o9u._.js:9555:97)
        at workLoopSync (http://localhost:3000/_next/static/chunks/0g4t_next_dist_compiled_react-dom_1342o9u._.js:9449:40)
        at renderRootSync (http://localhost:3000/_next/static/chunks/0g4t_next_dist_compiled_react-dom_1342o9u._.js:9433:13)
        at performWorkOnRoot (http://localhost:3000/_next/static/chunks/0g4t_next_dist_compiled_react-dom_1342o9u._.js:9061:186)
        at performSyncWorkOnRoot (http://localhost:3000/_next/static/chunks/0g4t_next_dist_compiled_react-dom_1342o9u._.js:10263:9)
        at flushSyncWorkAcrossRoots_impl (http://localhost:3000/_next/static/chunks/0g4t_next_dist_compiled_react-dom_1342o9u._.js:10179:316)
        at processRootScheduleInMicrotask (http://localhost:3000/_next/static/chunks/0g4t_next_dist_compiled_react-dom_1342o9u._.js:10200:106)
        at http://localhost:3000/_next/static/chunks/0g4t_next_dist_compiled_react-dom_1342o9u._.js:10274:158
        at assertNoConsoleErrors (/Users/hunor.nagy/Code/schoolgo-app/tests/e2e/parent/_helpers.ts:63:11)
        at /Users/hunor.nagy/Code/schoolgo-app/tests/e2e/parent/pages-render.spec.ts:203:24

    attachment #1: screenshot (image/png) ──────────────────────────────────────────────────────────
    test-results/parent-pages-render-paymen-a2b49-hout-crash-or-console-error-chromium/test-failed-1.png
    ────────────────────────────────────────────────────────────────────────────────────────────────

    Error Context: test-results/parent-pages-render-paymen-a2b49-hout-crash-or-console-error-chromium/error-context.md

  23) [chromium] › tests/e2e/parent/saved-schools-searches.spec.ts:77:7 › saved schools (B14/D11) › bookmark a school, verify it lists, then delete it 

    Error: Unexpected browser errors on http://localhost:3000/en/parent/saved-schools:
      [console.error] IntlError: MISSING_MESSAGE: Could not resolve `Dashboard.collapseSidebar` in messages for locale `en`.
        at getFallbackFromErrorAndNotify (http://localhost:3000/_next/static/chunks/node_modules__pnpm_0881l22._.js:3595:23)
        at translateBaseFn (http://localhost:3000/_next/static/chunks/node_modules__pnpm_0881l22._.js:3625:28)
        at translateFn (http://localhost:3000/_next/static/chunks/node_modules__pnpm_0881l22._.js:3653:24)
        at DashboardSidebar (http://localhost:3000/_next/static/chunks/src_0lpmp~y._.js:632:35)
        at Object.react_stack_bottom_frame (http://localhost:3000/_next/static/chunks/0g4t_next_dist_compiled_react-dom_1342o9u._.js:15037:24)
        at renderWithHooks (http://localhost:3000/_next/static/chunks/0g4t_next_dist_compiled_react-dom_1342o9u._.js:4620:24)
        at updateFunctionComponent (http://localhost:3000/_next/static/chunks/0g4t_next_dist_compiled_react-dom_1342o9u._.js:6081:21)
        at beginWork (http://localhost:3000/_next/static/chunks/0g4t_next_dist_compiled_react-dom_1342o9u._.js:6665:639)
        at runWithFiberInDEV (http://localhost:3000/_next/static/chunks/0g4t_next_dist_compiled_react-dom_1342o9u._.js:965:74)
        at performUnitOfWork (http://localhost:3000/_next/static/chunks/0g4t_next_dist_compiled_react-dom_1342o9u._.js:9555:97)
        at workLoopSync (http://localhost:3000/_next/static/chunks/0g4t_next_dist_compiled_react-dom_1342o9u._.js:9449:40)
        at renderRootSync (http://localhost:3000/_next/static/chunks/0g4t_next_dist_compiled_react-dom_1342o9u._.js:9433:13)
        at performWorkOnRoot (http://localhost:3000/_next/static/chunks/0g4t_next_dist_compiled_react-dom_1342o9u._.js:9061:186)
        at performSyncWorkOnRoot (http://localhost:3000/_next/static/chunks/0g4t_next_dist_compiled_react-dom_1342o9u._.js:10263:9)
        at flushSyncWorkAcrossRoots_impl (http://localhost:3000/_next/static/chunks/0g4t_next_dist_compiled_react-dom_1342o9u._.js:10179:316)
        at processRootScheduleInMicrotask (http://localhost:3000/_next/static/chunks/0g4t_next_dist_compiled_react-dom_1342o9u._.js:10200:106)
        at http://localhost:3000/_next/static/chunks/0g4t_next_dist_compiled_react-dom_1342o9u._.js:10274:158
      [console.error] IntlError: MISSING_MESSAGE: Could not resolve `Dashboard.collapseSidebar` in messages for locale `en`.
        at getFallbackFromErrorAndNotify (http://localhost:3000/_next/static/chunks/node_modules__pnpm_0881l22._.js:3595:23)
        at translateBaseFn (http://localhost:3000/_next/static/chunks/node_modules__pnpm_0881l22._.js:3625:28)
        at translateFn (http://localhost:3000/_next/static/chunks/node_modules__pnpm_0881l22._.js:3653:24)
        at DashboardSidebar (http://localhost:3000/_next/static/chunks/src_0lpmp~y._.js:632:35)
        at Object.react_stack_bottom_frame (http://localhost:3000/_next/static/chunks/0g4t_next_dist_compiled_react-dom_1342o9u._.js:15037:24)
        at renderWithHooksAgain (http://localhost:3000/_next/static/chunks/0g4t_next_dist_compiled_react-dom_1342o9u._.js:4675:24)
        at renderWithHooks (http://localhost:3000/_next/static/chunks/0g4t_next_dist_compiled_react-dom_1342o9u._.js:4626:28)
        at updateFunctionComponent (http://localhost:3000/_next/static/chunks/0g4t_next_dist_compiled_react-dom_1342o9u._.js:6081:21)
        at beginWork (http://localhost:3000/_next/static/chunks/0g4t_next_dist_compiled_react-dom_1342o9u._.js:6665:639)
        at runWithFiberInDEV (http://localhost:3000/_next/static/chunks/0g4t_next_dist_compiled_react-dom_1342o9u._.js:965:74)
        at performUnitOfWork (http://localhost:3000/_next/static/chunks/0g4t_next_dist_compiled_react-dom_1342o9u._.js:9555:97)
        at workLoopSync (http://localhost:3000/_next/static/chunks/0g4t_next_dist_compiled_react-dom_1342o9u._.js:9449:40)
        at renderRootSync (http://localhost:3000/_next/static/chunks/0g4t_next_dist_compiled_react-dom_1342o9u._.js:9433:13)
        at performWorkOnRoot (http://localhost:3000/_next/static/chunks/0g4t_next_dist_compiled_react-dom_1342o9u._.js:9061:186)
        at performSyncWorkOnRoot (http://localhost:3000/_next/static/chunks/0g4t_next_dist_compiled_react-dom_1342o9u._.js:10263:9)
        at flushSyncWorkAcrossRoots_impl (http://localhost:3000/_next/static/chunks/0g4t_next_dist_compiled_react-dom_1342o9u._.js:10179:316)
        at processRootScheduleInMicrotask (http://localhost:3000/_next/static/chunks/0g4t_next_dist_compiled_react-dom_1342o9u._.js:10200:106)
        at http://localhost:3000/_next/static/chunks/0g4t_next_dist_compiled_react-dom_1342o9u._.js:10274:158
        at getFallbackFromErrorAndNotify (http://localhost:3000/_next/static/chunks/node_modules__pnpm_0881l22._.js:3595:23)
        at translateBaseFn (http://localhost:3000/_next/static/chunks/node_modules__pnpm_0881l22._.js:3625:28)
        at translateFn (http://localhost:3000/_next/static/chunks/node_modules__pnpm_0881l22._.js:3653:24)
        at DashboardSidebar (http://localhost:3000/_next/static/chunks/src_0lpmp~y._.js:632:35)
        at Object.react_stack_bottom_frame (http://localhost:3000/_next/static/chunks/0g4t_next_dist_compiled_react-dom_1342o9u._.js:15037:24)
        at renderWithHooks (http://localhost:3000/_next/static/chunks/0g4t_next_dist_compiled_react-dom_1342o9u._.js:4620:24)
        at updateFunctionComponent (http://localhost:3000/_next/static/chunks/0g4t_next_dist_compiled_react-dom_1342o9u._.js:6081:21)
        at beginWork (http://localhost:3000/_next/static/chunks/0g4t_next_dist_compiled_react-dom_1342o9u._.js:6665:639)
        at runWithFiberInDEV (http://localhost:3000/_next/static/chunks/0g4t_next_dist_compiled_react-dom_1342o9u._.js:965:74)
        at performUnitOfWork (http://localhost:3000/_next/static/chunks/0g4t_next_dist_compiled_react-dom_1342o9u._.js:9555:97)
        at workLoopSync (http://localhost:3000/_next/static/chunks/0g4t_next_dist_compiled_react-dom_1342o9u._.js:9449:40)
        at renderRootSync (http://localhost:3000/_next/static/chunks/0g4t_next_dist_compiled_react-dom_1342o9u._.js:9433:13)
        at performWorkOnRoot (http://localhost:3000/_next/static/chunks/0g4t_next_dist_compiled_react-dom_1342o9u._.js:9061:186)
        at performSyncWorkOnRoot (http://localhost:3000/_next/static/chunks/0g4t_next_dist_compiled_react-dom_1342o9u._.js:10263:9)
        at flushSyncWorkAcrossRoots_impl (http://localhost:3000/_next/static/chunks/0g4t_next_dist_compiled_react-dom_1342o9u._.js:10179:316)
        at processRootScheduleInMicrotask (http://localhost:3000/_next/static/chunks/0g4t_next_dist_compiled_react-dom_1342o9u._.js:10200:106)
        at http://localhost:3000/_next/static/chunks/0g4t_next_dist_compiled_react-dom_1342o9u._.js:10274:158
        at getFallbackFromErrorAndNotify (http://localhost:3000/_next/static/chunks/node_modules__pnpm_0881l22._.js:3595:23)
        at translateBaseFn (http://localhost:3000/_next/static/chunks/node_modules__pnpm_0881l22._.js:3625:28)
        at translateFn (http://localhost:3000/_next/static/chunks/node_modules__pnpm_0881l22._.js:3653:24)
        at DashboardSidebar (http://localhost:3000/_next/static/chunks/src_0lpmp~y._.js:632:35)
        at Object.react_stack_bottom_frame (http://localhost:3000/_next/static/chunks/0g4t_next_dist_compiled_react-dom_1342o9u._.js:15037:24)
        at renderWithHooksAgain (http://localhost:3000/_next/static/chunks/0g4t_next_dist_compiled_react-dom_1342o9u._.js:4675:24)
        at renderWithHooks (http://localhost:3000/_next/static/chunks/0g4t_next_dist_compiled_react-dom_1342o9u._.js:4626:28)
        at updateFunctionComponent (http://localhost:3000/_next/static/chunks/0g4t_next_dist_compiled_react-dom_1342o9u._.js:6081:21)
        at beginWork (http://localhost:3000/_next/static/chunks/0g4t_next_dist_compiled_react-dom_1342o9u._.js:6665:639)
        at runWithFiberInDEV (http://localhost:3000/_next/static/chunks/0g4t_next_dist_compiled_react-dom_1342o9u._.js:965:74)
        at performUnitOfWork (http://localhost:3000/_next/static/chunks/0g4t_next_dist_compiled_react-dom_1342o9u._.js:9555:97)
        at workLoopSync (http://localhost:3000/_next/static/chunks/0g4t_next_dist_compiled_react-dom_1342o9u._.js:9449:40)
        at renderRootSync (http://localhost:3000/_next/static/chunks/0g4t_next_dist_compiled_react-dom_1342o9u._.js:9433:13)
        at performWorkOnRoot (http://localhost:3000/_next/static/chunks/0g4t_next_dist_compiled_react-dom_1342o9u._.js:9061:186)
        at performSyncWorkOnRoot (http://localhost:3000/_next/static/chunks/0g4t_next_dist_compiled_react-dom_1342o9u._.js:10263:9)
        at flushSyncWorkAcrossRoots_impl (http://localhost:3000/_next/static/chunks/0g4t_next_dist_compiled_react-dom_1342o9u._.js:10179:316)
        at processRootScheduleInMicrotask (http://localhost:3000/_next/static/chunks/0g4t_next_dist_compiled_react-dom_1342o9u._.js:10200:106)
        at http://localhost:3000/_next/static/chunks/0g4t_next_dist_compiled_react-dom_1342o9u._.js:10274:158
        at assertNoConsoleErrors (/Users/hunor.nagy/Code/schoolgo-app/tests/e2e/parent/_helpers.ts:63:11)
        at /Users/hunor.nagy/Code/schoolgo-app/tests/e2e/parent/saved-schools-searches.spec.ts:165:26

    attachment #1: screenshot (image/png) ──────────────────────────────────────────────────────────
    test-results/parent-saved-schools-searc-61aad-ify-it-lists-then-delete-it-chromium/test-failed-1.png
    ────────────────────────────────────────────────────────────────────────────────────────────────

    Error Context: test-results/parent-saved-schools-searc-61aad-ify-it-lists-then-delete-it-chromium/error-context.md

  24) [chromium] › tests/e2e/parent/saved-schools-searches.spec.ts:176:7 › saved searches (B13/D12) › save a search, verify it lists, run it, then delete it 

    Error: Unexpected browser errors on http://localhost:3000/en/parent/saved-searches:
      [console.error] IntlError: MISSING_MESSAGE: Could not resolve `Dashboard.collapseSidebar` in messages for locale `en`.
        at getFallbackFromErrorAndNotify (http://localhost:3000/_next/static/chunks/node_modules__pnpm_0881l22._.js:3595:23)
        at translateBaseFn (http://localhost:3000/_next/static/chunks/node_modules__pnpm_0881l22._.js:3625:28)
        at translateFn (http://localhost:3000/_next/static/chunks/node_modules__pnpm_0881l22._.js:3653:24)
        at DashboardSidebar (http://localhost:3000/_next/static/chunks/src_0lpmp~y._.js:632:35)
        at Object.react_stack_bottom_frame (http://localhost:3000/_next/static/chunks/0g4t_next_dist_compiled_react-dom_1342o9u._.js:15037:24)
        at renderWithHooks (http://localhost:3000/_next/static/chunks/0g4t_next_dist_compiled_react-dom_1342o9u._.js:4620:24)
        at updateFunctionComponent (http://localhost:3000/_next/static/chunks/0g4t_next_dist_compiled_react-dom_1342o9u._.js:6081:21)
        at beginWork (http://localhost:3000/_next/static/chunks/0g4t_next_dist_compiled_react-dom_1342o9u._.js:6665:639)
        at runWithFiberInDEV (http://localhost:3000/_next/static/chunks/0g4t_next_dist_compiled_react-dom_1342o9u._.js:965:74)
        at performUnitOfWork (http://localhost:3000/_next/static/chunks/0g4t_next_dist_compiled_react-dom_1342o9u._.js:9555:97)
        at workLoopSync (http://localhost:3000/_next/static/chunks/0g4t_next_dist_compiled_react-dom_1342o9u._.js:9449:40)
        at renderRootSync (http://localhost:3000/_next/static/chunks/0g4t_next_dist_compiled_react-dom_1342o9u._.js:9433:13)
        at performWorkOnRoot (http://localhost:3000/_next/static/chunks/0g4t_next_dist_compiled_react-dom_1342o9u._.js:9061:186)
        at performSyncWorkOnRoot (http://localhost:3000/_next/static/chunks/0g4t_next_dist_compiled_react-dom_1342o9u._.js:10263:9)
        at flushSyncWorkAcrossRoots_impl (http://localhost:3000/_next/static/chunks/0g4t_next_dist_compiled_react-dom_1342o9u._.js:10179:316)
        at processRootScheduleInMicrotask (http://localhost:3000/_next/static/chunks/0g4t_next_dist_compiled_react-dom_1342o9u._.js:10200:106)
        at http://localhost:3000/_next/static/chunks/0g4t_next_dist_compiled_react-dom_1342o9u._.js:10274:158
      [console.error] IntlError: MISSING_MESSAGE: Could not resolve `Dashboard.collapseSidebar` in messages for locale `en`.
        at getFallbackFromErrorAndNotify (http://localhost:3000/_next/static/chunks/node_modules__pnpm_0881l22._.js:3595:23)
        at translateBaseFn (http://localhost:3000/_next/static/chunks/node_modules__pnpm_0881l22._.js:3625:28)
        at translateFn (http://localhost:3000/_next/static/chunks/node_modules__pnpm_0881l22._.js:3653:24)
        at DashboardSidebar (http://localhost:3000/_next/static/chunks/src_0lpmp~y._.js:632:35)
        at Object.react_stack_bottom_frame (http://localhost:3000/_next/static/chunks/0g4t_next_dist_compiled_react-dom_1342o9u._.js:15037:24)
        at renderWithHooksAgain (http://localhost:3000/_next/static/chunks/0g4t_next_dist_compiled_react-dom_1342o9u._.js:4675:24)
        at renderWithHooks (http://localhost:3000/_next/static/chunks/0g4t_next_dist_compiled_react-dom_1342o9u._.js:4626:28)
        at updateFunctionComponent (http://localhost:3000/_next/static/chunks/0g4t_next_dist_compiled_react-dom_1342o9u._.js:6081:21)
        at beginWork (http://localhost:3000/_next/static/chunks/0g4t_next_dist_compiled_react-dom_1342o9u._.js:6665:639)
        at runWithFiberInDEV (http://localhost:3000/_next/static/chunks/0g4t_next_dist_compiled_react-dom_1342o9u._.js:965:74)
        at performUnitOfWork (http://localhost:3000/_next/static/chunks/0g4t_next_dist_compiled_react-dom_1342o9u._.js:9555:97)
        at workLoopSync (http://localhost:3000/_next/static/chunks/0g4t_next_dist_compiled_react-dom_1342o9u._.js:9449:40)
        at renderRootSync (http://localhost:3000/_next/static/chunks/0g4t_next_dist_compiled_react-dom_1342o9u._.js:9433:13)
        at performWorkOnRoot (http://localhost:3000/_next/static/chunks/0g4t_next_dist_compiled_react-dom_1342o9u._.js:9061:186)
        at performSyncWorkOnRoot (http://localhost:3000/_next/static/chunks/0g4t_next_dist_compiled_react-dom_1342o9u._.js:10263:9)
        at flushSyncWorkAcrossRoots_impl (http://localhost:3000/_next/static/chunks/0g4t_next_dist_compiled_react-dom_1342o9u._.js:10179:316)
        at processRootScheduleInMicrotask (http://localhost:3000/_next/static/chunks/0g4t_next_dist_compiled_react-dom_1342o9u._.js:10200:106)
        at http://localhost:3000/_next/static/chunks/0g4t_next_dist_compiled_react-dom_1342o9u._.js:10274:158
        at getFallbackFromErrorAndNotify (http://localhost:3000/_next/static/chunks/node_modules__pnpm_0881l22._.js:3595:23)
        at translateBaseFn (http://localhost:3000/_next/static/chunks/node_modules__pnpm_0881l22._.js:3625:28)
        at translateFn (http://localhost:3000/_next/static/chunks/node_modules__pnpm_0881l22._.js:3653:24)
        at DashboardSidebar (http://localhost:3000/_next/static/chunks/src_0lpmp~y._.js:632:35)
        at Object.react_stack_bottom_frame (http://localhost:3000/_next/static/chunks/0g4t_next_dist_compiled_react-dom_1342o9u._.js:15037:24)
        at renderWithHooks (http://localhost:3000/_next/static/chunks/0g4t_next_dist_compiled_react-dom_1342o9u._.js:4620:24)
        at updateFunctionComponent (http://localhost:3000/_next/static/chunks/0g4t_next_dist_compiled_react-dom_1342o9u._.js:6081:21)
        at beginWork (http://localhost:3000/_next/static/chunks/0g4t_next_dist_compiled_react-dom_1342o9u._.js:6665:639)
        at runWithFiberInDEV (http://localhost:3000/_next/static/chunks/0g4t_next_dist_compiled_react-dom_1342o9u._.js:965:74)
        at performUnitOfWork (http://localhost:3000/_next/static/chunks/0g4t_next_dist_compiled_react-dom_1342o9u._.js:9555:97)
        at workLoopSync (http://localhost:3000/_next/static/chunks/0g4t_next_dist_compiled_react-dom_1342o9u._.js:9449:40)
        at renderRootSync (http://localhost:3000/_next/static/chunks/0g4t_next_dist_compiled_react-dom_1342o9u._.js:9433:13)
        at performWorkOnRoot (http://localhost:3000/_next/static/chunks/0g4t_next_dist_compiled_react-dom_1342o9u._.js:9061:186)
        at performSyncWorkOnRoot (http://localhost:3000/_next/static/chunks/0g4t_next_dist_compiled_react-dom_1342o9u._.js:10263:9)
        at flushSyncWorkAcrossRoots_impl (http://localhost:3000/_next/static/chunks/0g4t_next_dist_compiled_react-dom_1342o9u._.js:10179:316)
        at processRootScheduleInMicrotask (http://localhost:3000/_next/static/chunks/0g4t_next_dist_compiled_react-dom_1342o9u._.js:10200:106)
        at http://localhost:3000/_next/static/chunks/0g4t_next_dist_compiled_react-dom_1342o9u._.js:10274:158
        at getFallbackFromErrorAndNotify (http://localhost:3000/_next/static/chunks/node_modules__pnpm_0881l22._.js:3595:23)
        at translateBaseFn (http://localhost:3000/_next/static/chunks/node_modules__pnpm_0881l22._.js:3625:28)
        at translateFn (http://localhost:3000/_next/static/chunks/node_modules__pnpm_0881l22._.js:3653:24)
        at DashboardSidebar (http://localhost:3000/_next/static/chunks/src_0lpmp~y._.js:632:35)
        at Object.react_stack_bottom_frame (http://localhost:3000/_next/static/chunks/0g4t_next_dist_compiled_react-dom_1342o9u._.js:15037:24)
        at renderWithHooksAgain (http://localhost:3000/_next/static/chunks/0g4t_next_dist_compiled_react-dom_1342o9u._.js:4675:24)
        at renderWithHooks (http://localhost:3000/_next/static/chunks/0g4t_next_dist_compiled_react-dom_1342o9u._.js:4626:28)
        at updateFunctionComponent (http://localhost:3000/_next/static/chunks/0g4t_next_dist_compiled_react-dom_1342o9u._.js:6081:21)
        at beginWork (http://localhost:3000/_next/static/chunks/0g4t_next_dist_compiled_react-dom_1342o9u._.js:6665:639)
        at runWithFiberInDEV (http://localhost:3000/_next/static/chunks/0g4t_next_dist_compiled_react-dom_1342o9u._.js:965:74)
        at performUnitOfWork (http://localhost:3000/_next/static/chunks/0g4t_next_dist_compiled_react-dom_1342o9u._.js:9555:97)
        at workLoopSync (http://localhost:3000/_next/static/chunks/0g4t_next_dist_compiled_react-dom_1342o9u._.js:9449:40)
        at renderRootSync (http://localhost:3000/_next/static/chunks/0g4t_next_dist_compiled_react-dom_1342o9u._.js:9433:13)
        at performWorkOnRoot (http://localhost:3000/_next/static/chunks/0g4t_next_dist_compiled_react-dom_1342o9u._.js:9061:186)
        at performSyncWorkOnRoot (http://localhost:3000/_next/static/chunks/0g4t_next_dist_compiled_react-dom_1342o9u._.js:10263:9)
        at flushSyncWorkAcrossRoots_impl (http://localhost:3000/_next/static/chunks/0g4t_next_dist_compiled_react-dom_1342o9u._.js:10179:316)
        at processRootScheduleInMicrotask (http://localhost:3000/_next/static/chunks/0g4t_next_dist_compiled_react-dom_1342o9u._.js:10200:106)
        at http://localhost:3000/_next/static/chunks/0g4t_next_dist_compiled_react-dom_1342o9u._.js:10274:158
        at assertNoConsoleErrors (/Users/hunor.nagy/Code/schoolgo-app/tests/e2e/parent/_helpers.ts:63:11)
        at /Users/hunor.nagy/Code/schoolgo-app/tests/e2e/parent/saved-schools-searches.spec.ts:309:26

    attachment #1: screenshot (image/png) ──────────────────────────────────────────────────────────
    test-results/parent-saved-schools-searc-10a0f-lists-run-it-then-delete-it-chromium/test-failed-1.png
    ────────────────────────────────────────────────────────────────────────────────────────────────

    Error Context: test-results/parent-saved-schools-searc-10a0f-lists-run-it-then-delete-it-chromium/error-context.md

  24 failed
    [chromium] › tests/e2e/parent/a11y.spec.ts:30:9 › a11y dashboard @ desktop ─────────────────────
    [chromium] › tests/e2e/parent/a11y.spec.ts:30:9 › a11y students @ desktop ──────────────────────
    [chromium] › tests/e2e/parent/a11y.spec.ts:30:9 › a11y students-new @ desktop ──────────────────
    [chromium] › tests/e2e/parent/a11y.spec.ts:30:9 › a11y applications @ desktop ──────────────────
    [chromium] › tests/e2e/parent/a11y.spec.ts:30:9 › a11y results @ desktop ───────────────────────
    [chromium] › tests/e2e/parent/a11y.spec.ts:30:9 › a11y settings @ desktop ──────────────────────
    [chromium] › tests/e2e/parent/a11y.spec.ts:30:9 › a11y notifications @ desktop ─────────────────
    [chromium] › tests/e2e/parent/a11y.spec.ts:30:9 › a11y saved-schools @ desktop ─────────────────
    [chromium] › tests/e2e/parent/a11y.spec.ts:30:9 › a11y saved-searches @ desktop ────────────────
    [chromium] › tests/e2e/parent/a11y.spec.ts:30:9 › a11y payments @ desktop ──────────────────────
    [chromium] › tests/e2e/parent/a11y.spec.ts:30:9 › a11y search-spec @ desktop ───────────────────
    [chromium] › tests/e2e/parent/a11y.spec.ts:30:9 › a11y dashboard @ mobile ──────────────────────
    [chromium] › tests/e2e/parent/a11y.spec.ts:30:9 › a11y students @ mobile ───────────────────────
    [chromium] › tests/e2e/parent/a11y.spec.ts:30:9 › a11y students-new @ mobile ───────────────────
    [chromium] › tests/e2e/parent/a11y.spec.ts:30:9 › a11y applications @ mobile ───────────────────
    [chromium] › tests/e2e/parent/a11y.spec.ts:30:9 › a11y results @ mobile ────────────────────────
    [chromium] › tests/e2e/parent/a11y.spec.ts:30:9 › a11y settings @ mobile ───────────────────────
    [chromium] › tests/e2e/parent/a11y.spec.ts:30:9 › a11y notifications @ mobile ──────────────────
    [chromium] › tests/e2e/parent/a11y.spec.ts:30:9 › a11y saved-schools @ mobile ──────────────────
    [chromium] › tests/e2e/parent/a11y.spec.ts:30:9 › a11y saved-searches @ mobile ─────────────────
    [chromium] › tests/e2e/parent/a11y.spec.ts:30:9 › a11y payments @ mobile ───────────────────────
    [chromium] › tests/e2e/parent/pages-render.spec.ts:176:5 › payments: coming-soon content renders without crash or console error 
    [chromium] › tests/e2e/parent/saved-schools-searches.spec.ts:77:7 › saved schools (B14/D11) › bookmark a school, verify it lists, then delete it 
    [chromium] › tests/e2e/parent/saved-schools-searches.spec.ts:176:7 › saved searches (B13/D12) › save a search, verify it lists, run it, then delete it 
  51 passed (2.5m)
